---,Digimon Name,Drop Item,Drop Chance,Sphere Collision Radius,Roaming Radius,Movement Speed,Rotation,HP,MP,Offense,Defense,Speed,Brains,Bits,Technique Slot #1,Technique Slot #2,Technique Slot #3,Technique Slot #4,Start Dialogue at Collision?,Look at Player?,AI Behavior,AI Distance Range,Patrol Wait,Patrol Wait Variation,Paths,Dialogue
AmidaForest_Centarumon,"Centarumon","None","0","0.000000","0.000000","0.000000","0.000000","0","0","0","0","0","0","0","-1","-1","-1","-1","False","False","static","0.000000","0.000000","0.000000","","None"
AncientDinoRegion_Tyrannomon,"Tyrannomon","HPChip","100","0.000000","0.000000","0.000000","0.000000","3100","2800","380","220","210","200","2500","8","10","14","15","False","True","static","0.000000","0.000000","0.000000","","/Script/Engine.DataTable'/Game/Game/DataTables/Dialogue/AncientDinoRegion/DataTable_Dialogue_AncientGlacialRegion_Tyrannomon1.DataTable_Dialogue_AncientGlacialRegion_Tyrannomon1'"
AncientGlacialRegion_MasterTyrannomon,"MasterTyrannomon","None","0","200.000000","0.000000","0.000000","180.000000","0","0","0","0","0","0","0","-1","-1","-1","-1","False","True","static","0.000000","0.000000","0.000000","","/Script/Engine.DataTable'/Game/Game/DataTables/Dialogue/AncientDinoRegion/DataTable_Dialogue_AncientGlacialRegion_MasterTyrannomon.DataTable_Dialogue_AncientGlacialRegion_MasterTyrannomon'"
AncientGlacialRegion_Monochromon,"Monochromon","None","0","200.000000","0.000000","0.000000","100.000000","0","0","0","0","0","0","0","-1","-1","-1","-1","False","True","static","0.000000","0.000000","0.000000","","/Script/Engine.DataTable'/Game/Game/DataTables/Dialogue/AncientDinoRegion/DataTable_Dialogue_AncientGlacialRegion_Monochromon.DataTable_Dialogue_AncientGlacialRegion_Monochromon'"
AncientGlacialRegion_Plesiomon,"Plesiomon","None","0","500.000000","0.000000","0.000000","300.000000","0","0","0","0","0","0","0","-1","-1","-1","-1","False","True","static","0.000000","0.000000","0.000000","","/Script/Engine.DataTable'/Game/Game/DataTables/Dialogue/AncientDinoRegion/DataTable_Dialogue_AncientGlacialRegion_Plesiomon.DataTable_Dialogue_AncientGlacialRegion_Plesiomon'"
AncientGlacialRegion_Saberdramon,"Saberdramon","None","0","200.000000","0.000000","0.000000","220.000000","0","0","0","0","0","0","0","-1","-1","-1","-1","False","True","static","0.000000","0.000000","0.000000","","/Script/Engine.DataTable'/Game/Game/DataTables/Dialogue/AncientDinoRegion/DataTable_Dialogue_AncientGlacialRegion_Saberdramon.DataTable_Dialogue_AncientGlacialRegion_Saberdramon'"
AncientGlacialRegion_Tyrannomon2,"Tyrannomon","None","0","100.000000","0.000000","0.000000","180.000000","0","0","0","0","0","0","0","-1","-1","-1","-1","False","True","static","0.000000","0.000000","0.000000","","/Script/Engine.DataTable'/Game/Game/DataTables/Dialogue/AncientDinoRegion/DataTable_Dialogue_AncientGlacialRegion_Tyrannomon2.DataTable_Dialogue_AncientGlacialRegion_Tyrannomon2'"
AncientSpeedyRegion_Meteormon,"Meteormon","HPChip","100","100.000000","0.000000","0.000000","180.000000","3400","2800","400","210","220","150","2800","4","7","8","14","True","False","static","0.000000","0.000000","0.000000","","/Script/Engine.DataTable'/Game/Game/DataTables/Dialogue/AncientDinoRegion/DataTable_Dialogue_AncientSpeedyRegion_Meteormon.DataTable_Dialogue_AncientSpeedyRegion_Meteormon'"
AncientSpeedyRegion_Nanimon,"Nanimon","None","0","100.000000","0.000000","0.000000","180.000000","0","0","0","0","0","0","0","-1","-1","-1","-1","True","False","static","0.000000","0.000000","0.000000","","/Script/Engine.DataTable'/Game/Game/DataTables/Dialogue/Nanimon/DataTable_Dialogue_AncientGlacialRegion_Nanimon.DataTable_Dialogue_AncientGlacialRegion_Nanimon'"
AncientSpeedyRegion_Saberdramon,"Saberdramon","Various","10","200.000000","0.000000","0.000000","90.000000","2900","3100","360","200","240","150","1800","1","3","21","23","False","True","static","0.000000","0.000000","0.000000","","/Script/Engine.DataTable'/Game/Game/DataTables/Dialogue/AncientDinoRegion/DataTable_Dialogue_AncientSpeedyRegion_Saberdramon.DataTable_Dialogue_AncientSpeedyRegion_Saberdramon'"
Beetleland_Kabuterimon_Recruitable,"Kabuterimon","None","0","100.000000","0.000000","0.000000","60.000000","0","0","0","0","0","0","0","-1","-1","-1","-1","False","True","static","0.000000","0.000000","0.000000","","/Script/Engine.DataTable'/Game/Game/DataTables/Dialogue/Beetleland/DataTable_Dialogue_Beetleland_Kabuterimon_Recruitable.DataTable_Dialogue_Beetleland_Kabuterimon_Recruitable'"
Beetleland_Kabuterimon1,"Kabuterimon","None","0","100.000000","0.000000","0.000000","300.000000","0","0","0","0","0","0","0","-1","-1","-1","-1","False","True","static","0.000000","0.000000","0.000000","","/Script/Engine.DataTable'/Game/Game/DataTables/Dialogue/Beetleland/DataTable_Dialogue_Beetleland_Kabuterimon1.DataTable_Dialogue_Beetleland_Kabuterimon1'"
Beetleland_Kabuterimon2,"Kabuterimon","None","0","100.000000","0.000000","0.000000","180.000000","0","0","0","0","0","0","0","-1","-1","-1","-1","False","True","static","0.000000","0.000000","0.000000","","/Script/Engine.DataTable'/Game/Game/DataTables/Dialogue/Beetleland/DataTable_Dialogue_Beetleland_Kabuterimon2.DataTable_Dialogue_Beetleland_Kabuterimon2'"
Beetleland_Kuwagamon_Recruitable,"Kuwagamon","None","0","100.000000","0.000000","0.000000","60.000000","0","0","0","0","0","0","0","-1","-1","-1","-1","False","True","static","0.000000","0.000000","0.000000","","/Script/Engine.DataTable'/Game/Game/DataTables/Dialogue/Beetleland/DataTable_Dialogue_Beetleland_Kuwagamon_Recruitable.DataTable_Dialogue_Beetleland_Kuwagamon_Recruitable'"
Beetleland_Kuwagamon1,"Kuwagamon","None","0","100.000000","0.000000","0.000000","300.000000","0","0","0","0","0","0","0","-1","-1","-1","-1","False","True","static","0.000000","0.000000","0.000000","","/Script/Engine.DataTable'/Game/Game/DataTables/Dialogue/Beetleland/DataTable_Dialogue_Beetleland_Kuwagamon1.DataTable_Dialogue_Beetleland_Kuwagamon1'"
Beetleland_Kuwagamon2,"Kuwagamon","None","0","100.000000","0.000000","0.000000","300.000000","0","0","0","0","0","0","0","-1","-1","-1","-1","False","True","static","0.000000","0.000000","0.000000","","/Script/Engine.DataTable'/Game/Game/DataTables/Dialogue/Beetleland/DataTable_Dialogue_Beetleland_Kuwagamon2.DataTable_Dialogue_Beetleland_Kuwagamon2'"
Beetleland_Tentomon,"Tentomon","Autopilot","40","100.000000","500.000000","350.000000","0.000000","2200","3000","500","280","170","250","1100","-1","-1","-1","-1","True","True","static","0.000000","0.000000","0.000000","","/Script/Engine.DataTable'/Game/Game/DataTables/Dialogue/Enemy/DataTable_Dialogue_Enemy_TEST.DataTable_Dialogue_Enemy_TEST'"
Beetleland_Tournament_Tentomon,"Tentomon","None","0","200.000000","0.000000","0.000000","90.000000","0","0","0","0","0","0","0","-1","-1","-1","-1","False","True","static","0.000000","0.000000","0.000000","","/Script/Engine.DataTable'/Game/Game/DataTables/Dialogue/Beetleland/DataTable_Dialogue_Beetleland_Tentomon_Arena.DataTable_Dialogue_Beetleland_Tentomon_Arena'"
Curling_Gomamon,"Gomamon","None","0","100.000000","0.000000","0.000000","0.000000","0","0","0","0","0","0","0","-1","-1","-1","-1","False","True","static","0.000000","0.000000","0.000000","","/Script/Engine.DataTable'/Game/Game/DataTables/Dialogue/Freezeland/DataTable_Dialogue_Freezeland_Gomamon.DataTable_Dialogue_Freezeland_Gomamon'"
DragonEyeLake_Seadramon,"Seadramon_Lake","None","0","0.000000","0.000000","0.000000","90.000000","0","0","0","0","0","0","0","-1","-1","-1","-1","False","False","static","0.000000","0.000000","0.000000","","None"
DrillTunnel4_Drimogemon,"Drimogemon","None","0","200.000000","0.000000","0.000000","0.000000","0","0","0","0","0","0","0","-1","-1","-1","-1","True","False","static","0.000000","0.000000","0.000000","","/Script/Engine.DataTable'/Game/Game/DataTables/Dialogue/DrillTunnel/DataTable_Dialogue_DrillTunnel_Drimogemon3.DataTable_Dialogue_DrillTunnel_Drimogemon3'"
DrillTunnel2_Ogremon,"Ogremon","HPChip","100","0.000000","0.000000","0.000000","0.000000","3600","3500","450","260","200","150","50","-1","-1","-1","-1","True","True","static","0.000000","0.000000","0.000000","","None"
DrillTunnel1_Goburimon,"Goburimon","Meat","30","100.000000","0.000000","0.000000","0.000000","600","1500","210","100","60","50","200","-1","-1","-1","-1","True","True","static","0.000000","0.000000","0.000000","","/Script/Engine.DataTable'/Game/Game/DataTables/Dialogue/Enemy/DataTable_Dialogue_Enemy_Goburimon.DataTable_Dialogue_Enemy_Goburimon'"
DrillTunnel2_Goburimon1,"Goburimon","Meat","30","100.000000","0.000000","0.000000","0.000000","600","1500","210","100","60","50","200","-1","-1","-1","-1","True","True","static","0.000000","0.000000","0.000000","","/Script/Engine.DataTable'/Game/Game/DataTables/Dialogue/Enemy/DataTable_Dialogue_Enemy_Goburimon.DataTable_Dialogue_Enemy_Goburimon'"
DrillTunnel2_Goburimon2,"Goburimon","Meat","30","100.000000","0.000000","0.000000","0.000000","600","1500","210","100","60","50","200","-1","-1","-1","-1","True","True","static","0.000000","0.000000","0.000000","","/Script/Engine.DataTable'/Game/Game/DataTables/Dialogue/Enemy/DataTable_Dialogue_Enemy_Goburimon.DataTable_Dialogue_Enemy_Goburimon'"
DrillTunnel2_Goburimon3,"Goburimon","Meat","30","100.000000","0.000000","0.000000","0.000000","600","1500","210","100","60","50","200","-1","-1","-1","-1","True","True","static","0.000000","0.000000","0.000000","","/Script/Engine.DataTable'/Game/Game/DataTables/Dialogue/Enemy/DataTable_Dialogue_Enemy_Goburimon.DataTable_Dialogue_Enemy_Goburimon'"
FactorialTown_Andromon,"Andromon","None","0","100.000000","0.000000","0.000000","180.000000","0","0","0","0","0","0","0","-1","-1","-1","-1","False","True","static","0.000000","0.000000","0.000000","","/Script/Engine.DataTable'/Game/Game/DataTables/Dialogue/FactorialTown/DataTable_Dialogue_FactorialTown_Andromon.DataTable_Dialogue_FactorialTown_Andromon'"
FactorialTown_Evo_Guardromon,"Guardromon","None","0","80.000000","0.000000","0.000000","0.000000","0","0","0","0","0","0","0","-1","-1","-1","-1","False","True","static","0.000000","0.000000","0.000000","","/Script/Engine.DataTable'/Game/Game/DataTables/Dialogue/FactorialTown/DataTable_Dialogue_FactorialTown_Guard_Evo.DataTable_Dialogue_FactorialTown_Guard_Evo'"
FactorialTown_Geremon,"Geremon","None","0","0.000000","800.000000","350.000000","0.000000","0","0","0","0","0","0","0","-1","-1","-1","-1","True","True","follow the player on proximity","0.000000","0.000000","0.000000","","/Script/Engine.DataTable'/Game/Game/DataTables/Dialogue/Enemy/DataTable_Dialogue_Enemy_TEST.DataTable_Dialogue_Enemy_TEST'"
FactorialTown_Giromon,"Giromon","DefenseChip","100","100.000000","0.000000","0.000000","0.000000","5700","4800","690","450","490","300","3500","44","45","47","-1","False","True","static","0.000000","0.000000","0.000000","","/Script/Engine.DataTable'/Game/Game/DataTables/Dialogue/FactorialTown/DataTable_Dialogue_FactorialTown_Giromon.DataTable_Dialogue_FactorialTown_Giromon'"
FactorialTown_Guard1_Guardromon,"Guardromon","None","0","80.000000","0.000000","0.000000","90.000000","0","0","0","0","0","0","0","-1","-1","-1","-1","False","True","static","0.000000","0.000000","0.000000","","/Script/Engine.DataTable'/Game/Game/DataTables/Dialogue/FactorialTown/DataTable_Dialogue_FactorialTown_Guard1.DataTable_Dialogue_FactorialTown_Guard1'"
FactorialTown_Guard2_Guardromon,"Guardromon","None","0","80.000000","0.000000","0.000000","90.000000","0","0","0","0","0","0","0","-1","-1","-1","-1","False","True","static","0.000000","0.000000","0.000000","","/Script/Engine.DataTable'/Game/Game/DataTables/Dialogue/FactorialTown/DataTable_Dialogue_FactorialTown_Guard2.DataTable_Dialogue_FactorialTown_Guard2'"
FactorialTown_Guardromon1,"Guardromon","None","0","0.000000","800.000000","350.000000","0.000000","0","0","0","0","0","0","0","-1","-1","-1","-1","True","True","follow the player on proximity","0.000000","0.000000","0.000000","","/Script/Engine.DataTable'/Game/Game/DataTables/Dialogue/Enemy/DataTable_Dialogue_Enemy_TEST.DataTable_Dialogue_Enemy_TEST'"
FactorialTown_MetalMamemon,"MetalMamemon","DefenseChip","100","100.000000","0.000000","0.000000","150.000000","5600","4800","630","580","500","500","4000","41","42","43","-1","True","True","static","0.000000","0.000000","0.000000","","/Script/Engine.DataTable'/Game/Game/DataTables/Dialogue/FactorialTown/DataTable_Dialogue_FactorialTown_MetalMamemon.DataTable_Dialogue_FactorialTown_MetalMamemon'"
FactorialTown_PlatinumSukamon1,"PlatinumSukamon","None","0","0.000000","800.000000","350.000000","0.000000","0","0","0","0","0","0","0","-1","-1","-1","-1","True","True","follow the player on proximity","0.000000","0.000000","0.000000","","/Script/Engine.DataTable'/Game/Game/DataTables/Dialogue/Enemy/DataTable_Dialogue_Enemy_TEST.DataTable_Dialogue_Enemy_TEST'"
FileCity_Agumon,"Agumon","None","0","200.000000","0.000000","0.000000","0.000000","0","0","0","0","0","0","0","-1","-1","-1","-1","False","True","static","0.000000","0.000000","0.000000","","/Script/Engine.DataTable'/Game/Game/DataTables/Dialogue/FileCity/DataTable_Dialogue_FileCity_Agumon.DataTable_Dialogue_FileCity_Agumon'"
FileCity_Andromon,"Andromon","None","0","120.000000","0.000000","0.000000","180.000000","0","0","0","0","0","0","0","-1","-1","-1","-1","False","True","static","0.000000","0.000000","0.000000","","/Script/Engine.DataTable'/Game/Game/DataTables/Dialogue/FileCity/DataTable_Dialogue_FileCity_Andromon.DataTable_Dialogue_FileCity_Andromon'"
FileCity_Angemon,"Angemon","None","0","100.000000","0.000000","0.000000","140.000000","0","0","0","0","0","0","0","-1","-1","-1","-1","False","True","static","0.000000","0.000000","0.000000","","/Script/Engine.DataTable'/Game/Game/DataTables/Dialogue/FileCity/DataTable_Dialogue_FileCity_Angemon.DataTable_Dialogue_FileCity_Angemon'"
FileCity_Bakemon,"Bakemon","None","0","100.000000","200.000000","200.000000","0.000000","0","0","0","0","0","0","0","-1","-1","-1","-1","False","True","follow the player on proximity","0.000000","0.000000","0.000000","((X=11400.000000,Y=17600.000000,Z=100.000000),(X=11400.000000,Y=16600.000000,Z=100.000000),(X=10200.000000,Y=16800.000000,Z=100.000000),(X=10300.000000,Y=17700.000000,Z=100.000000))","/Script/Engine.DataTable'/Game/Game/DataTables/Dialogue/FileCity/DataTable_Dialogue_FileCity_Bakemon.DataTable_Dialogue_FileCity_Bakemon'"
FileCity_Betamon_Fountain,"Betamon","None","0","100.000000","0.000000","0.000000","0.000000","0","0","0","0","0","0","0","-1","-1","-1","-1","False","True","static","0.000000","0.000000","0.000000","","/Script/Engine.DataTable'/Game/Game/DataTables/Dialogue/FileCity/DataTable_Dialogue_FileCity_Betamon.DataTable_Dialogue_FileCity_Betamon'"
FileCity_Betamon_ItemShop,"Betamon","None","0","100.000000","0.000000","0.000000","0.000000","0","0","0","0","0","0","0","-1","-1","-1","-1","False","True","static","0.000000","0.000000","0.000000","","/Script/Engine.DataTable'/Game/Game/DataTables/Dialogue/FileCity/DataTable_Dialogue_FileCity_Betamon_ItemShop.DataTable_Dialogue_FileCity_Betamon_ItemShop'"
FileCity_Birdramon,"Birdramon","None","0","100.000000","0.000000","0.000000","90.000000","0","0","0","0","0","0","0","-1","-1","-1","-1","False","True","static","0.000000","0.000000","0.000000","","/Script/Engine.DataTable'/Game/Game/DataTables/Dialogue/FileCity/DataTable_Dialogue_FileCity_Birdramon.DataTable_Dialogue_FileCity_Birdramon'"
FileCity_Botamon,"Botamon","None","0","100.000000","0.000000","0.000000","140.000000","0","0","0","0","0","0","0","-1","-1","-1","-1","False","True","static","0.000000","0.000000","0.000000","","/Script/Engine.DataTable'/Game/Game/DataTables/Dialogue/FileCity/DataTable_Dialogue_FileCity_Botamon.DataTable_Dialogue_FileCity_Botamon'"
FileCity_Centarumon,"Centarumon","None","0","120.000000","0.000000","0.000000","180.000000","0","0","0","0","0","0","0","-1","-1","-1","-1","False","True","static","0.000000","0.000000","0.000000","","/Script/Engine.DataTable'/Game/Game/DataTables/Dialogue/FileCity/DataTable_Dialogue_FileCity_Centarumon.DataTable_Dialogue_FileCity_Centarumon'"
FileCity_Coelamon_Clinic,"Coelamon","None","0","120.000000","0.000000","0.000000","90.000000","0","0","0","0","0","0","0","-1","-1","-1","-1","False","True","static","0.000000","0.000000","0.000000","","/Script/Engine.DataTable'/Game/Game/DataTables/Dialogue/FileCity/DataTable_Dialogue_FileCity_Coelamon.DataTable_Dialogue_FileCity_Coelamon'"
FileCity_Coelamon_ItemShop,"Coelamon","None","0","120.000000","0.000000","0.000000","0.000000","0","0","0","0","0","0","0","-1","-1","-1","-1","False","True","static","0.000000","0.000000","0.000000","","/Script/Engine.DataTable'/Game/Game/DataTables/Dialogue/FileCity/DataTable_Dialogue_FileCity_Coelamon_ItemShop.DataTable_Dialogue_FileCity_Coelamon_ItemShop'"
FileCity_Digitamamon,"Digitamamon","None","0","300.000000","0.000000","0.000000","180.000000","0","0","0","0","0","0","0","-1","-1","-1","-1","False","True","static","0.000000","0.000000","0.000000","","/Script/Engine.DataTable'/Game/Game/DataTables/Dialogue/FileCity/DataTable_Dialogue_FileCity_Digitamamon.DataTable_Dialogue_FileCity_Digitamamon'"
FileCity_Drimogemon,"Drimogemon","None","0","0.000000","0.000000","0.000000","0.000000","0","0","0","0","0","0","0","-1","-1","-1","-1","False","True","static","0.000000","0.000000","0.000000","","None"
FileCity_Elecmon,"Elecmon","None","0","120.000000","0.000000","0.000000","0.000000","0","0","0","0","0","0","0","-1","-1","-1","-1","False","True","static","0.000000","0.000000","0.000000","","/Script/Engine.DataTable'/Game/Game/DataTables/Dialogue/FileCity/DataTable_Dialogue_FileCity_Elecmon.DataTable_Dialogue_FileCity_Elecmon'"
FileCity_Etemon,"Etemon","None","0","120.000000","0.000000","0.000000","90.000000","0","0","0","0","0","0","0","-1","-1","-1","-1","False","True","static","0.000000","0.000000","0.000000","","/Script/Engine.DataTable'/Game/Game/DataTables/Dialogue/FileCity/DataTable_Dialogue_FileCity_Etemon.DataTable_Dialogue_FileCity_Etemon'"
FileCity_Event_Airdramon,"Airdramon","None","0","0.000000","0.000000","0.000000","0.000000","4400","3900","610","320","340","200","2600","-1","-1","-1","-1","False","True","static","0.000000","0.000000","0.000000","","None"
FileCity_Event_Greymon,"Greymon","OffenseChip","100","0.000000","0.000000","600.000000","270.000000","4800","3800","630","340","360","200","2900","3","4","12","-1","False","True","static","0.000000","0.000000","0.000000","","None"
FileCity_Frigimon,"Frigimon","None","0","300.000000","0.000000","0.000000","180.000000","0","0","0","0","0","0","0","-1","-1","-1","-1","False","True","static","0.000000","0.000000","0.000000","","/Script/Engine.DataTable'/Game/Game/DataTables/Dialogue/FileCity/DataTable_Dialogue_FileCity_Frigimon.DataTable_Dialogue_FileCity_Frigimon'"
FileCity_Gabumon,"Gabumon","None","0","200.000000","0.000000","0.000000","0.000000","0","0","0","0","0","0","0","-1","-1","-1","-1","False","True","static","0.000000","0.000000","0.000000","","/Script/Engine.DataTable'/Game/Game/DataTables/Dialogue/FileCity/DataTable_Dialogue_FileCity_Gabumon.DataTable_Dialogue_FileCity_Gabumon'"
FileCity_Garurumon,"Garurumon","None","0","300.000000","0.000000","0.000000","180.000000","0","0","0","0","0","0","0","-1","-1","-1","-1","False","True","static","0.000000","0.000000","0.000000","","/Script/Engine.DataTable'/Game/Game/DataTables/Dialogue/FileCity/DataTable_Dialogue_FileCity_Garurumon.DataTable_Dialogue_FileCity_Garurumon'"
FileCity_Giromon,"Giromon","None","0","120.000000","0.000000","0.000000","90.000000","0","0","0","0","0","0","0","-1","-1","-1","-1","False","True","static","0.000000","0.000000","0.000000","","/Script/Engine.DataTable'/Game/Game/DataTables/Dialogue/FileCity/DataTable_Dialogue_FileCity_Giromon.DataTable_Dialogue_FileCity_Giromon'"
FileCity_Jijimon,"Jijimon","None","0","150.000000","0.000000","0.000000","90.000000","0","0","0","0","0","0","0","-1","-1","-1","-1","False","True","static","0.000000","0.000000","0.000000","","/Script/Engine.DataTable'/Game/Game/DataTables/Dialogue/FileCity/DataTable_Dialogue_FileCity_Jijimon1.DataTable_Dialogue_FileCity_Jijimon1'"
FileCity_Kokatorimon,"Kokatorimon","None","0","150.000000","0.000000","0.000000","90.000000","0","0","0","0","0","0","0","-1","-1","-1","-1","False","True","static","0.000000","0.000000","0.000000","","/Script/Engine.DataTable'/Game/Game/DataTables/Dialogue/FileCity/DataTable_Dialogue_FileCity_Kokatorimon.DataTable_Dialogue_FileCity_Kokatorimon'"
FileCity_Leomon,"Leomon","None","0","100.000000","0.000000","0.000000","0.000000","0","0","0","0","0","0","0","-1","-1","-1","-1","False","True","static","0.000000","0.000000","0.000000","","/Script/Engine.DataTable'/Game/Game/DataTables/Dialogue/FileCity/DataTable_Dialogue_FileCity_Leomon.DataTable_Dialogue_FileCity_Leomon'"
FileCity_Megadramon,"Megadramon","None","0","120.000000","0.000000","0.000000","270.000000","0","0","0","0","0","0","0","-1","-1","-1","-1","False","True","static","0.000000","0.000000","0.000000","","/Script/Engine.DataTable'/Game/Game/DataTables/Dialogue/FileCity/DataTable_Dialogue_FileCity_Megadramon.DataTable_Dialogue_FileCity_Megadramon'"
FileCity_Meramon,"Meramon","None","0","300.000000","0.000000","0.000000","180.000000","0","0","0","0","0","0","0","-1","-1","-1","-1","False","True","static","0.000000","0.000000","0.000000","","/Script/Engine.DataTable'/Game/Game/DataTables/Dialogue/FileCity/DataTable_Dialogue_FileCity_Meramon.DataTable_Dialogue_FileCity_Meramon'"
FileCity_Monochromon,"Monochromon","None","0","300.000000","0.000000","0.000000","90.000000","0","0","0","0","0","0","0","-1","-1","-1","-1","False","True","static","0.000000","0.000000","0.000000","","/Script/Engine.DataTable'/Game/Game/DataTables/Dialogue/FileCity/DataTable_Dialogue_FileCity_Monochromon.DataTable_Dialogue_FileCity_Monochromon'"
FileCity_Monzaemon,"Monzaemon","None","0","0.000000","0.000000","0.000000","0.000000","0","0","0","0","0","0","0","-1","-1","-1","-1","False","True","static","0.000000","0.000000","0.000000","","None"
FileCity_Nanimon,"Nanimon","None","0","0.000000","0.000000","0.000000","0.000000","0","0","0","0","0","0","0","-1","-1","-1","-1","False","True","static","0.000000","0.000000","0.000000","","None"
FileCity_Ogremon,"Ogremon","None","0","120.000000","200.000000","350.000000","0.000000","0","0","0","0","0","0","0","-1","-1","-1","-1","False","True","follow the player on proximity","0.000000","0.000000","0.000000","","/Script/Engine.DataTable'/Game/Game/DataTables/Dialogue/FileCity/DataTable_Dialogue_FileCity_Ogremon.DataTable_Dialogue_FileCity_Ogremon'"
FileCity_Palmon,"Palmon","None","0","100.000000","0.000000","0.000000","0.000000","0","0","0","0","0","0","0","-1","-1","-1","-1","False","True","static","0.000000","0.000000","0.000000","","/Script/Engine.DataTable'/Game/Game/DataTables/Dialogue/FileCity/DataTable_Dialogue_FileCity_Palmon.DataTable_Dialogue_FileCity_Palmon'"
FileCity_Palmon2,"Palmon","None","0","100.000000","0.000000","0.000000","0.000000","0","0","0","0","0","0","0","-1","-1","-1","-1","False","True","static","0.000000","0.000000","0.000000","","/Script/Engine.DataTable'/Game/Game/DataTables/Dialogue/FileCity/DataTable_Dialogue_FileCity_Palmon1.DataTable_Dialogue_FileCity_Palmon1'"
FileCity_Patamon,"Patamon","None","0","100.000000","0.000000","0.000000","90.000000","0","0","0","0","0","0","0","-1","-1","-1","-1","False","True","static","0.000000","0.000000","0.000000","","/Script/Engine.DataTable'/Game/Game/DataTables/Dialogue/FileCity/DataTable_Dialogue_FileCity_Patamon.DataTable_Dialogue_FileCity_Patamon'"
FileCity_Piximon,"Piximon","None","0","120.000000","0.000000","0.000000","90.000000","0","0","0","0","0","0","0","-1","-1","-1","-1","False","True","static","0.000000","0.000000","0.000000","","/Script/Engine.DataTable'/Game/Game/DataTables/Dialogue/FileCity/DataTable_Dialogue_FileCity_Piximon.DataTable_Dialogue_FileCity_Piximon'"
FileCity_Biyomon,"Biyomon","None","0","250.000000","0.000000","0.000000","90.000000","0","0","0","0","0","0","0","-1","-1","-1","-1","False","True","static","0.000000","0.000000","0.000000","","/Script/Engine.DataTable'/Game/Game/DataTables/Dialogue/FileCity/DataTable_Dialogue_FileCity_Biyomon.DataTable_Dialogue_FileCity_Biyomon'"
FileCity_Poyomon,"Poyomon","None","0","100.000000","0.000000","0.000000","140.000000","0","0","0","0","0","0","0","-1","-1","-1","-1","False","True","static","0.000000","0.000000","0.000000","","/Script/Engine.DataTable'/Game/Game/DataTables/Dialogue/FileCity/DataTable_Dialogue_FileCity_Poyomon.DataTable_Dialogue_FileCity_Poyomon'"
FileCity_Poyomon2,"Poyomon","None","0","80.000000","0.000000","0.000000","0.000000","0","0","0","0","0","0","0","-1","-1","-1","-1","False","True","static","0.000000","0.000000","0.000000","","/Script/Engine.DataTable'/Game/Game/DataTables/Dialogue/FileCity/DataTable_Dialogue_FileCity_Poyomon.DataTable_Dialogue_FileCity_Poyomon'"
FileCity_Punimon,"Punimon","None","0","0.000000","0.000000","0.000000","180.000000","0","0","0","0","0","0","0","-1","-1","-1","-1","False","True","static","0.000000","0.000000","0.000000","","/Script/Engine.DataTable'/Game/Game/DataTables/Dialogue/FileCity/DataTable_Dialogue_FileCity_Punimon.DataTable_Dialogue_FileCity_Punimon'"
FileCity_Punimon2,"Punimon","None","0","120.000000","0.000000","0.000000","180.000000","0","0","0","0","0","0","0","-1","-1","-1","-1","False","True","static","0.000000","0.000000","0.000000","","/Script/Engine.DataTable'/Game/Game/DataTables/Dialogue/FileCity/DataTable_Dialogue_FileCity_Punimon_ItemShop.DataTable_Dialogue_FileCity_Punimon_ItemShop'"
FileCity_Sukamon,"Sukamon","None","0","120.000000","0.000000","0.000000","270.000000","0","0","0","0","0","0","0","-1","-1","-1","-1","False","True","static","0.000000","0.000000","0.000000","","/Script/Engine.DataTable'/Game/Game/DataTables/Dialogue/FileCity/DataTable_Dialogue_FileCity_Sukamon.DataTable_Dialogue_FileCity_Sukamon'"
FileCity_Tanemon,"Tanemon","None","0","100.000000","0.000000","0.000000","0.000000","0","0","0","0","0","0","0","-1","-1","-1","-1","False","True","static","0.000000","0.000000","0.000000","","/Script/Engine.DataTable'/Game/Game/DataTables/Dialogue/FileCity/DataTable_Dialogue_FileCity_Tanemon.DataTable_Dialogue_FileCity_Tanemon'"
FileCity_Tanemon2,"Tanemon","None","0","100.000000","0.000000","0.000000","0.000000","0","0","0","0","0","0","0","-1","-1","-1","-1","False","True","static","0.000000","0.000000","0.000000","","/Script/Engine.DataTable'/Game/Game/DataTables/Dialogue/FileCity/DataTable_Dialogue_FileCity_Tanemon1.DataTable_Dialogue_FileCity_Tanemon1'"
FileCity_Tentomon,"Tentomon","None","0","100.000000","0.000000","0.000000","130.000000","0","0","0","0","0","0","0","-1","-1","-1","-1","False","True","static","0.000000","0.000000","0.000000","","/Script/Engine.DataTable'/Game/Game/DataTables/Dialogue/FileCity/DataTable_Dialogue_FileCity_Tentomon.DataTable_Dialogue_FileCity_Tentomon'"
FileCity_Tokomon,"Tokomon","None","0","100.000000","0.000000","0.000000","140.000000","0","0","0","0","0","0","0","-1","-1","-1","-1","False","True","static","0.000000","0.000000","0.000000","","/Script/Engine.DataTable'/Game/Game/DataTables/Dialogue/FileCity/DataTable_Dialogue_FileCity_Tokomon.DataTable_Dialogue_FileCity_Tokomon'"
FileCity_Tsunomon,"Tsunomon","None","0","100.000000","200.000000","350.000000","0.000000","0","0","0","0","0","0","0","-1","-1","-1","-1","False","True","follow the player on proximity","0.000000","2.000000","1.000000","","/Script/Engine.DataTable'/Game/Game/DataTables/Dialogue/FileCity/DataTable_Dialogue_FileCity_Tsunomon.DataTable_Dialogue_FileCity_Tsunomon'"
FileCity_Tyrannomon,"Tyrannomon","None","0","300.000000","0.000000","0.000000","180.000000","0","0","0","0","0","0","0","-1","-1","-1","-1","False","True","static","0.000000","0.000000","0.000000","","/Script/Engine.DataTable'/Game/Game/DataTables/Dialogue/FileCity/DataTable_Dialogue_FileCity_Tyrannomon.DataTable_Dialogue_FileCity_Tyrannomon'"
FileCity_Unimon,"Unimon","None","0","150.000000","0.000000","0.000000","90.000000","0","0","0","0","0","0","0","-1","-1","-1","-1","False","True","static","0.000000","0.000000","0.000000","","/Script/Engine.DataTable'/Game/Game/DataTables/Dialogue/FileCity/DataTable_Dialogue_FileCity_Unimon.DataTable_Dialogue_FileCity_Unimon'"
FileCity_Vademon,"Vademon","None","0","300.000000","0.000000","0.000000","180.000000","0","0","0","0","0","0","0","-1","-1","-1","-1","False","True","static","0.000000","0.000000","0.000000","","/Script/Engine.DataTable'/Game/Game/DataTables/Dialogue/FileCity/DataTable_Dialogue_FileCity_Vademon.DataTable_Dialogue_FileCity_Vademon'"
FileCity_Vegiemon,"Vegiemon","None","0","100.000000","0.000000","0.000000","0.000000","0","0","0","0","0","0","0","-1","-1","-1","-1","False","True","static","0.000000","0.000000","0.000000","","/Script/Engine.DataTable'/Game/Game/DataTables/Dialogue/FileCity/DataTable_Dialogue_FileCity_Vegiemon.DataTable_Dialogue_FileCity_Vegiemon'"
FileCity_Yuramon,"Yuramon","None","0","100.000000","0.000000","0.000000","0.000000","0","0","0","0","0","0","0","-1","-1","-1","-1","False","True","static","0.000000","0.000000","0.000000","","/Script/Engine.DataTable'/Game/Game/DataTables/Dialogue/FileCity/DataTable_Dialogue_FileCity_Yuramon.DataTable_Dialogue_FileCity_Yuramon'"
Freezeland_Frigimon,"Frigimon","None","0","200.000000","0.000000","0.000000","90.000000","0","0","0","0","0","0","0","-1","-1","-1","-1","False","True","static","0.000000","0.000000","0.000000","","/Script/Engine.DataTable'/Game/Game/DataTables/Dialogue/Freezeland/DataTable_Dialogue_Freezeland_Frigimon.DataTable_Dialogue_Freezeland_Frigimon'"
Freezeland_Garurumon_1,"Garurumon","HPChip","100","200.000000","0.000000","0.000000","0.000000","4200","4500","580","320","240","150","3200","10","32","33","-1","True","True","static","0.000000","0.000000","0.000000","","/Script/Engine.DataTable'/Game/Game/DataTables/Dialogue/Freezeland/DataTable_Dialogue_Freezeland_Garurumon.DataTable_Dialogue_Freezeland_Garurumon'"
Freezeland_Garurumon_2,"Garurumon","HPChip","100","200.000000","0.000000","0.000000","0.000000","2100","4500","580","320","240","150","3200","10","32","33","-1","True","True","static","0.000000","0.000000","0.000000","","/Script/Engine.DataTable'/Game/Game/DataTables/Dialogue/Freezeland/DataTable_Dialogue_Freezeland_Garurumon.DataTable_Dialogue_Freezeland_Garurumon'"
Freezeland_Gomamon,"Gomamon","None","0","0.000000","0.000000","0.000000","0.000000","0","0","0","0","0","0","0","-1","-1","-1","-1","True","True","static","0.000000","0.000000","0.000000","","None"
Freezeland_IceDevimon1,"IceDevimon","None","0","120.000000","0.000000","0.000000","0.000000","2400","3300","550","280","170","150","700","-1","-1","-1","-1","True","True","static","0.000000","0.000000","0.000000","","/Script/Engine.DataTable'/Game/Game/DataTables/Dialogue/Enemy/DataTable_Dialogue_Enemy_Freezeland_IceDevimon.DataTable_Dialogue_Enemy_Freezeland_IceDevimon'"
Freezeland_IceDevimon2,"IceDevimon","None","0","120.000000","0.000000","0.000000","0.000000","2400","3300","550","280","170","150","700","-1","-1","-1","-1","True","True","follow the player on proximity","0.000000","0.000000","0.000000","","/Script/Engine.DataTable'/Game/Game/DataTables/Dialogue/Enemy/DataTable_Dialogue_Enemy_Freezeland_IceDevimon.DataTable_Dialogue_Enemy_Freezeland_IceDevimon'"
Freezeland8_Mojyamon1,"Mojyamon","None","0","100.000000","0.000000","0.000000","170.000000","0","0","0","0","0","0","0","-1","-1","-1","-1","False","True","static","0.000000","0.000000","0.000000","","/Script/Engine.DataTable'/Game/Game/DataTables/Dialogue/Freezeland/DataTable_Dialogue_Freezeland_Mojyamon.DataTable_Dialogue_Freezeland_Mojyamon'"
Freezeland8_Mojyamon2,"Mojyamon","None","0","100.000000","0.000000","0.000000","230.000000","0","0","0","0","0","0","0","-1","-1","-1","-1","False","True","static","0.000000","0.000000","0.000000","","/Script/Engine.DataTable'/Game/Game/DataTables/Dialogue/Freezeland/DataTable_Dialogue_Freezeland_Mojyamon.DataTable_Dialogue_Freezeland_Mojyamon'"
Freezeland8_Mojyamon3,"Mojyamon","None","0","100.000000","0.000000","0.000000","180.000000","0","0","0","0","0","0","0","-1","-1","-1","-1","False","True","static","0.000000","0.000000","0.000000","","/Script/Engine.DataTable'/Game/Game/DataTables/Dialogue/Freezeland/DataTable_Dialogue_Freezeland_Mojyamon.DataTable_Dialogue_Freezeland_Mojyamon'"
GearSavanna_Elecmon,"Elecmon","None","0","200.000000","0.000000","350.000000","0.000000","0","0","0","0","0","0","0","-1","-1","-1","-1","True","True","follow the player on proximity","0.000000","0.000000","0.000000","","/Script/Engine.DataTable'/Game/Game/DataTables/Dialogue/GearSavanna/DataTable_Dialogue_GearSavanna_Elecmon.DataTable_Dialogue_GearSavanna_Elecmon'"
GearSavanna_Event_Goburimon,"Goburimon","None","0","0.000000","0.000000","600.000000","0.000000","0","0","0","0","0","0","0","-1","-1","-1","-1","True","True","static","0.000000","0.000000","0.000000","","None"
GearSavanna_Event_Leomon,"Leomon","None","0","0.000000","0.000000","600.000000","320.000000","0","0","0","0","0","0","0","-1","-1","-1","-1","True","True","static","0.000000","0.000000","0.000000","","None"
GearSavanna_Event_Patamon,"Patamon","None","0","0.000000","0.000000","600.000000","0.000000","0","0","0","0","0","0","0","-1","-1","-1","-1","True","True","static","0.000000","0.000000","0.000000","","None"
GearSavanna_Patamon,"Patamon","MPFloppy","20","100.000000","800.000000","350.000000","0.000000","1000","1000","150","100","100","100","500","12","17","21","-1","True","True","static","0.000000","0.000000","0.000000","","/Script/Engine.DataTable'/Game/Game/DataTables/Dialogue/GearSavanna/DataTable_Dialogue_GearSavanna_Patamon.DataTable_Dialogue_GearSavanna_Patamon'"
GearSavanna_Biyomon,"Biyomon","None","0","200.000000","0.000000","0.000000","0.000000","0","0","0","0","0","0","0","-1","-1","-1","-1","True","False","static","0.000000","0.000000","0.000000","","/Script/Engine.DataTable'/Game/Game/DataTables/Dialogue/GearSavanna/DataTable_Dialogue_GearSavanna_Biyomon.DataTable_Dialogue_GearSavanna_Biyomon'"
GekoSwamp_Event_Gekomon,"Gekomon","None","0","0.000000","0.000000","0.000000","0.000000","0","0","0","0","0","0","0","-1","-1","-1","-1","False","True","static","0.000000","0.000000","0.000000","","None"
GekoSwamp_Otamamon,"Otamamon","None","0","100.000000","0.000000","0.000000","0.000000","1100","1000","150","150","150","150","50","36","39","-1","-1","False","True","static","0.000000","0.000000","0.000000","","/Script/Engine.DataTable'/Game/Game/DataTables/Dialogue/GekoSwamp/DataTable_Dialogue_GekoSwamp_Otamamon.DataTable_Dialogue_GekoSwamp_Otamamon'"
GreatCanyon_Agumon,"Agumon","SmallRecovery","50","0.000000","0.000000","600.000000","0.000000","900","1800","320","160","90","150","300","0","2","4","5","True","True","static","0.000000","0.000000","0.000000","","None"
GreatCanyon_Birdramon,"Birdramon","None","0","0.000000","0.000000","600.000000","0.000000","3700","3500","490","200","340","200","1000","1","-1","-1","-1","False","True","static","0.000000","0.000000","0.000000","","None"
GreatCanyon_Ogremon,"Ogremon","HPChip","100","0.000000","0.000000","600.000000","0.000000","3600","3500","450","260","200","150","50","4","8","-1","-1","True","True","static","0.000000","0.000000","0.000000","","None"
GreatCanyon_Shellmon,"Shellmon","None","0","0.000000","0.000000","0.000000","0.000000","0","0","0","0","0","0","0","-1","-1","-1","-1","False","True","static","0.000000","0.000000","0.000000","","None"
GreenGym_Kabuterimon,"Kabuterimon","None","0","120.000000","0.000000","0.000000","140.000000","0","0","0","0","0","0","0","-1","-1","-1","-1","False","True","static","0.000000","0.000000","0.000000","","/Script/Engine.DataTable'/Game/Game/DataTables/Dialogue/GreenGym/DataTable_Dialogue_GreenGym_Kabuterimon.DataTable_Dialogue_GreenGym_Kabuterimon'"
GreenGym_Koromon,"Koromon","None","0","100.000000","0.000000","0.000000","90.000000","0","0","0","0","0","0","0","-1","-1","-1","-1","False","True","static","0.000000","0.000000","0.000000","","/Script/Engine.DataTable'/Game/Game/DataTables/Dialogue/GreenGym/DataTable_Dialogue_GreenGym_Koromon.DataTable_Dialogue_GreenGym_Koromon'"
GreenGym_Kuwagamon,"Kuwagamon","None","0","120.000000","0.000000","0.000000","120.000000","0","0","0","0","0","0","0","-1","-1","-1","-1","False","True","static","0.000000","0.000000","0.000000","","/Script/Engine.DataTable'/Game/Game/DataTables/Dialogue/GreenGym/DataTable_Dialogue_GreenGym_Kuwagamon.DataTable_Dialogue_GreenGym_Kuwagamon'"
GreyLordMansion_Devimon,"Devimon","None","0","0.000000","0.000000","0.000000","0.000000","0","0","0","0","0","0","0","-1","-1","-1","-1","False","True","static","0.000000","0.000000","0.000000","","None"
GreyLordMansion_Myotismon,"Myotismon","None","0","0.000000","0.000000","0.000000","0.000000","0","0","0","0","0","0","0","-1","-1","-1","-1","False","True","static","0.000000","0.000000","0.000000","","None"
IceSanctuary_Angemon,"Angemon","None","0","0.000000","0.000000","0.000000","90.000000","0","0","0","0","0","0","0","-1","-1","-1","-1","True","True","static","0.000000","0.000000","0.000000","","None"
IceSanctuary_BlueMeramon,"BlueMeramon","CalmBerry","1","100.000000","800.000000","350.000000","0.000000","3300","4200","630","320","210","250","1700","1","13","32","33","True","True","follow the player on proximity","0.000000","0.000000","0.000000","","/Script/Engine.DataTable'/Game/Game/DataTables/Dialogue/Enemy/DataTable_Dialogue_Enemy_IceSanctuary_BlueMeramon.DataTable_Dialogue_Enemy_IceSanctuary_BlueMeramon'"
Intro_Jijimon,"Jijimon","None","0","0.000000","0.000000","350.000000","0.000000","0","0","0","0","0","0","0","-1","-1","-1","-1","False","False","static","0.000000","0.000000","0.000000","","None"
Intro2_Botamon,"Botamon","None","0","0.000000","0.000000","0.000000","0.000000","0","0","0","0","0","0","0","-1","-1","-1","-1","False","True","static","0.000000","0.000000","0.000000","","None"
Intro2_Jijimon,"Jijimon","None","0","0.000000","0.000000","0.000000","0.000000","0","0","0","0","0","0","0","-1","-1","-1","-1","False","True","static","0.000000","0.000000","0.000000","","None"
Intro2_Koromon,"Koromon","None","0","0.000000","0.000000","0.000000","0.000000","0","0","0","0","0","0","0","-1","-1","-1","-1","False","True","static","0.000000","0.000000","0.000000","","None"
Intro2_Poyomon,"Poyomon","None","0","0.000000","0.000000","0.000000","0.000000","0","0","0","0","0","0","0","-1","-1","-1","-1","False","True","static","0.000000","0.000000","0.000000","","None"
Intro2_Punimon,"Punimon","None","0","0.000000","0.000000","0.000000","0.000000","0","0","0","0","0","0","0","-1","-1","-1","-1","False","True","static","0.000000","0.000000","0.000000","","None"
Intro2_Tanemon,"Tanemon","None","0","0.000000","0.000000","0.000000","0.000000","0","0","0","0","0","0","0","-1","-1","-1","-1","False","True","static","0.000000","0.000000","0.000000","","None"
Intro2_Tokomon,"Tokomon","None","0","0.000000","0.000000","0.000000","0.000000","0","0","0","0","0","0","0","-1","-1","-1","-1","False","True","static","0.000000","0.000000","0.000000","","None"
Intro2_Tsunomon,"Tsunomon","None","0","0.000000","0.000000","0.000000","0.000000","0","0","0","0","0","0","0","-1","-1","-1","-1","False","True","static","0.000000","0.000000","0.000000","","None"
Intro2_Yuramon,"Yuramon","None","0","0.000000","0.000000","0.000000","0.000000","0","0","0","0","0","0","0","-1","-1","-1","-1","False","True","static","0.000000","0.000000","0.000000","","None"
LavaCave_Meramon,"Meramon","OffenseChip","100","0.000000","0.000000","0.000000","0.000000","1400","2400","280","140","140","100","2400","4","5","12","-1","True","True","static","0.000000","0.000000","0.000000","","/Script/Engine.DataTable'/Game/Game/DataTables/Dialogue/DrillTunnel/DataTable_Dialogue_LavaCave_Meramon.DataTable_Dialogue_LavaCave_Meramon'"
LeomonCave_Drimogemon,"Drimogemon","None","0","350.000000","0.000000","0.000000","170.000000","0","0","0","0","0","0","0","-1","-1","-1","-1","False","True","static","0.000000","0.000000","0.000000","","/Script/Engine.DataTable'/Game/Game/DataTables/Dialogue/DrillTunnel/DataTable_Dialogue_LeomonCave_Drimogemon.DataTable_Dialogue_LeomonCave_Drimogemon'"
LeomonCave_Nanimon,"Nanimon","None","0","100.000000","0.000000","0.000000","0.000000","0","0","0","0","0","0","0","-1","-1","-1","-1","True","False","static","0.000000","0.000000","0.000000","","/Script/Engine.DataTable'/Game/Game/DataTables/Dialogue/Nanimon/DataTable_Dialogue_LeomonCave_Nanimon.DataTable_Dialogue_LeomonCave_Nanimon'"
MangroveRegion_Betamon,"Betamon","None","0","100.000000","0.000000","0.000000","0.000000","0","0","0","0","0","0","0","-1","-1","-1","-1","True","True","static","0.000000","0.000000","0.000000","","/Script/Engine.DataTable'/Game/Game/DataTables/Dialogue/MangroveRegion/DataTable_Dialogue_MangroveRegion_Betamon.DataTable_Dialogue_MangroveRegion_Betamon'"
MistyTrees_Cherrymon,"Cherrymon","None","0","200.000000","0.000000","0.000000","0.000000","0","0","0","0","0","0","0","-1","-1","-1","-1","False","True","static","0.000000","0.000000","0.000000","","/Script/Engine.DataTable'/Game/Game/DataTables/Dialogue/MistyTrees/DataTable_Dialogue_MistyTrees_Cherrymon.DataTable_Dialogue_MistyTrees_Cherrymon'"
MistyTrees_Gabumon,"Gabumon","MPChip","100","100.000000","0.000000","0.000000","0.000000","2000","2600","320","220","190","150","1000","10","12","14","-1","True","True","static","0.000000","0.000000","0.000000","","/Script/Engine.DataTable'/Game/Game/DataTables/Dialogue/MistyTrees/DataTable_Dialogue_MistyTrees_Gabumon.DataTable_Dialogue_MistyTrees_Gabumon'"
MistyTrees_Kokatorimon,"Kokatorimon","DefenseChip","100","100.000000","800.000000","600.000000","0.000000","4200","4800","600","240","360","100","2800","10","12","19","-1","True","True","follow the player on proximity","0.000000","0.000000","0.000000","","/Script/Engine.DataTable'/Game/Game/DataTables/Dialogue/MistyTrees/DataTable_Dialogue_MistyTrees_Kokatorimon.DataTable_Dialogue_MistyTrees_Kokatorimon'"
MonochromeShop_Goburimon,"Goburimon","None","0","0.000000","0.000000","0.000000","270.000000","0","0","0","0","0","0","0","-1","-1","-1","-1","False","True","static","0.000000","0.000000","0.000000","","None"
MonochromeShop_Gotsumon,"Gotsumon","None","0","0.000000","0.000000","0.000000","270.000000","0","0","0","0","0","0","0","-1","-1","-1","-1","False","True","static","0.000000","0.000000","0.000000","","None"
MonochromeShop_Monochromon,"Monochromon","None","0","600.000000","0.000000","0.000000","90.000000","0","0","0","0","0","0","0","-1","-1","-1","-1","False","True","static","0.000000","0.000000","0.000000","","/Script/Engine.DataTable'/Game/Game/DataTables/Dialogue/MonochromeShop/DataTable_Dialogue_MonochromeShop.DataTable_Dialogue_MonochromeShop'"
MonochromeShop_Muchomon,"Biyomon","None","0","0.000000","0.000000","0.000000","270.000000","0","0","0","0","0","0","0","-1","-1","-1","-1","False","True","static","0.000000","0.000000","0.000000","","None"
MonochromeShop_Weedmon,"Vegiemon","None","0","0.000000","0.000000","0.000000","270.000000","0","0","0","0","0","0","0","-1","-1","-1","-1","False","True","static","0.000000","0.000000","0.000000","","None"
MtInfinity_Devimon,"Devimon","QuickChip","100","0.000000","0.000000","0.000000","270.000000","6800","6000","780","550","340","250","4800","9","10","14","19","False","True","static","0.000000","0.000000","0.000000","","None"
MtInfinity_Digitamamon,"Digitamamon","QuickChip","100","100.000000","0.000000","0.000000","0.000000","9999","9999","999","720","500","700","9999","-1","-1","-1","-1","True","True","static","0.000000","0.000000","0.000000","","/Script/Engine.DataTable'/Game/Game/DataTables/Dialogue/MtInfinity/DataTable_Dialogue_MtInfinity_Digitamamon.DataTable_Dialogue_MtInfinity_Digitamamon'"
MtInfinity_Gururumon1,"Garurumon","MediumRecovery","10","100.000000","800.000000","350.000000","0.000000","3600","3800","660","340","390","200","1400","15","32","33","34","True","True","follow the player on proximity","0.000000","0.000000","0.000000","","/Script/Engine.DataTable'/Game/Game/DataTables/Dialogue/Enemy/DataTable_Dialogue_Enemy_TEST.DataTable_Dialogue_Enemy_TEST'"
MtInfinity_Machinedramon,"Machinedramon","None","0","0.000000","0.000000","0.000000","270.000000","9400","9000","999","650","400","300","9999","19","-1","-1","-1","False","False","static","0.000000","0.000000","0.000000","","None"
MtInfinity_Megadramon,"Megadramon","OffenseChip","100","0.000000","0.000000","0.000000","270.000000","7500","8000","850","570","450","300","5500","14","32","45","-1","False","False","static","0.000000","0.000000","0.000000","","None"
MtInfinity_MetalGreymon,"MetalGreymonVirus","DefenseChip","100","0.000000","0.000000","0.000000","180.000000","8600","7800","900","620","400","300","6200","6","7","15","-1","False","True","static","0.000000","0.000000","0.000000","","None"
MtInfinity_Piddomon1,"Angemon","SageFruit","10","0.000000","800.000000","350.000000","0.000000","3800","4200","710","280","100","100","1300","17","19","22","23","True","True","static","0.000000","0.000000","0.000000","","/Script/Engine.DataTable'/Game/Game/DataTables/Dialogue/Enemy/DataTable_Dialogue_Enemy_TEST.DataTable_Dialogue_Enemy_TEST'"
MtInfinity_Rockmon1,"Rockmon","PowerIce","1","0.000000","800.000000","350.000000","0.000000","3400","4700","630","330","210","150","1600","9","33","34","38","True","True","follow the player on proximity","0.000000","0.000000","0.000000","","/Script/Engine.DataTable'/Game/Game/DataTables/Dialogue/Enemy/DataTable_Dialogue_Enemy_TEST.DataTable_Dialogue_Enemy_TEST'"
MtPanorama_Goburimon,"Goburimon","Meat","30","150.000000","800.000000","600.000000","0.000000","800","1800","300","140","80","50","200","12","-1","-1","-1","True","True","follow the player on proximity","0.000000","0.000000","0.000000","","/Script/Engine.DataTable'/Game/Game/DataTables/Dialogue/Enemy/DataTable_Dialogue_Enemy_Goburimon.DataTable_Dialogue_Enemy_Goburimon'"
MtPanorama_Goburimon1,"Goburimon","Meat","30","150.000000","0.000000","0.000000","0.000000","800","1800","300","140","80","50","200","12","-1","-1","-1","True","True","follow the player on proximity","0.000000","0.000000","0.000000","","/Script/Engine.DataTable'/Game/Game/DataTables/Dialogue/Enemy/DataTable_Dialogue_Enemy_Goburimon.DataTable_Dialogue_Enemy_Goburimon'"
MtPanorama_Mamemon,"Mamemon","QuickChip","100","100.000000","800.000000","600.000000","0.000000","4800","4600","650","480","520","550","2800","14","15","46","-1","True","True","follow the player on proximity","0.000000","0.000000","0.000000","","/Script/Engine.DataTable'/Game/Game/DataTables/Dialogue/MtPanorama/DataTable_Dialogue_MtPanorama_Mamemon.DataTable_Dialogue_MtPanorama_Mamemon'"
MtPanorama_MudFrigimon,"MudFrigimon","MediumRecovery","10","100.000000","800.000000","300.000000","0.000000","1300","2200","340","150","90","100","200","9","11","36","39","True","True","follow the player on proximity","0.000000","0.000000","0.000000","","/Script/Engine.DataTable'/Game/Game/DataTables/Dialogue/Enemy/DataTable_Dialogue_Enemy_MtPanorama_MudFrigimon.DataTable_Dialogue_Enemy_MtPanorama_MudFrigimon'"
MtPanorama_Unimon,"Unimon","None","0","100.000000","0.000000","0.000000","90.000000","0","0","0","0","0","0","0","-1","-1","-1","-1","False","True","static","0.000000","0.000000","0.000000","","/Script/Engine.DataTable'/Game/Game/DataTables/Dialogue/MtPanorama/DataTable_Dialogue_MtPanorama_Unimon.DataTable_Dialogue_MtPanorama_Unimon'"
MtPanorama_Vademon,"Vademon","None","0","0.000000","0.000000","0.000000","0.000000","0","0","0","0","0","0","0","-1","-1","-1","-1","False","True","static","0.000000","0.000000","0.000000","","None"
NativeForest_Agumon,"Agumon","SmallRecovery","50","0.000000","0.000000","0.000000","0.000000","400","300","30","30","30","50","100","2","11","-1","-1","True","False","follow the player on proximity","999999.000000","0.000000","0.000000","","/Script/Engine.DataTable'/Game/Game/DataTables/Dialogue/NativeForest/DataTable_Dialogue_NativeForest_Agumon.DataTable_Dialogue_NativeForest_Agumon'"
NativeForest_Coelamon,"Coelamon","None","0","0.000000","0.000000","0.000000","0.000000","0","0","0","0","0","0","0","-1","-1","-1","-1","False","True","static","0.000000","0.000000","0.000000","","None"
NativeForest_Etemon,"Etemon","BrainChip","100","100.000000","0.000000","0.000000","90.000000","5600","5600","700","580","530","600","7777","10","12","15","-1","False","True","static","0.000000","0.000000","0.000000","","None"
NativeForest_ModokiBetamon1,"ModokiBetamon","SmallRecovery","0","150.000000","800.000000","350.000000","0.000000","300","700","140","50","60","150","150","18","20","36","-1","True","True","follow the player on proximity","0.000000","0.000000","0.000000","","/Script/Engine.DataTable'/Game/Game/DataTables/Dialogue/Enemy/DataTable_Dialogue_Enemy_TEST.DataTable_Dialogue_Enemy_TEST'"
NativeForest_Ninjamon,"Ninjamon","QuickChip","100","0.000000","0.000000","0.000000","0.000000","3800","3500","620","210","350","250","2048","-1","-1","-1","-1","True","True","static","0.000000","0.000000","0.000000","","None"
NativeForest_Palmon,"Palmon","BrainChip","100","150.000000","0.000000","600.000000","90.000000","900","1600","180","130","70","100","1000","24","29","36","-1","False","False","static","0.000000","0.000000","0.000000","","/Script/Engine.DataTable'/Game/Game/DataTables/Dialogue/NativeForest/DataTable_Dialogue_NativeForest_Palmon.DataTable_Dialogue_NativeForest_Palmon'"
NativeForest_RedVegiemon,"RedVegiemon","None","0","0.000000","0.000000","0.000000","0.000000","0","0","0","0","0","0","0","-1","-1","-1","-1","True","True","static","0.000000","0.000000","0.000000","","/Script/Engine.DataTable'/Game/Game/DataTables/Dialogue/Enemy/DataTable_Dialogue_Enemy_TEST.DataTable_Dialogue_Enemy_TEST'"
NativeForest_Tentomon,"Tentomon","MPChip","100","100.000000","0.000000","0.000000","0.000000","900","2400","210","100","120","100","1200","18","20","30","-1","False","False","static","0.000000","0.000000","0.000000","","/Script/Engine.DataTable'/Game/Game/DataTables/Dialogue/NativeForest/DataTable_Dialogue_NativeForest_Tentomon.DataTable_Dialogue_NativeForest_Tentomon'"
OgreFortress_Entrance_Agumon,"Agumon","None","0","120.000000","0.000000","600.000000","90.000000","0","0","0","0","0","0","0","-1","-1","-1","-1","False","True","static","0.000000","0.000000","0.000000","","/Script/Engine.DataTable'/Game/Game/DataTables/Dialogue/OgreFortress/DataTable_Dialogue_OgreFortress_Entrance_Agumon.DataTable_Dialogue_OgreFortress_Entrance_Agumon'"
OgreFortress_Ogremon,"Ogremon","HPChip","100","0.000000","0.000000","0.000000","0.000000","4000","3500","480","270","210","150","100","-1","-1","-1","-1","True","True","static","0.000000","0.000000","0.000000","","None"
Overdell_Bakemon,"Bakemon","None","0","100.000000","300.000000","300.000000","0.000000","0","0","0","0","0","0","0","-1","-1","-1","-1","True","True","follow the player on proximity","0.000000","0.000000","0.000000","","/Script/Engine.DataTable'/Game/Game/DataTables/Dialogue/Overdell/DataTable_Dialogue_Overdell_Bakemon.DataTable_Dialogue_Overdell_Bakemon'"
RobotHouse_Tinmon1,"Tinmon","None","0","100.000000","0.000000","0.000000","0.000000","0","0","0","0","0","0","0","-1","-1","-1","-1","False","True","static","0.000000","0.000000","0.000000","","/Script/Engine.DataTable'/Game/Game/DataTables/Dialogue/ToyTown/DataTable_Dialogue_ToyTown_Tinmon.DataTable_Dialogue_ToyTown_Tinmon'"
RobotHouse_Tinmon2,"Tinmon","None","0","100.000000","0.000000","0.000000","0.000000","0","0","0","0","0","0","0","-1","-1","-1","-1","False","True","static","0.000000","0.000000","0.000000","","/Script/Engine.DataTable'/Game/Game/DataTables/Dialogue/ToyTown/DataTable_Dialogue_ToyTown_Tinmon1.DataTable_Dialogue_ToyTown_Tinmon1'"
SecretBeachCave_Gabumon,"Gabumon","None","0","0.000000","0.000000","0.000000","270.000000","1800","1400","390","200","70","100","100","10","12","14","-1","False","False","static","0.000000","0.000000","0.000000","","None"
SecretBeachCave_MegaSeadramon,"MegaSeadramon","None","0","0.000000","0.000000","0.000000","270.000000","4500","4600","560","280","230","100","2800","32","34","38","-1","False","False","static","0.000000","0.000000","0.000000","","None"
SecretBeachCave_Ogremon,"Ogremon","None","0","0.000000","0.000000","0.000000","90.000000","4400","3500","520","270","250","150","100","4","8","-1","-1","False","False","static","0.000000","0.000000","0.000000","","None"
Sewer_Nanimon,"Nanimon","None","0","100.000000","0.000000","0.000000","0.000000","0","0","0","0","0","0","0","-1","-1","-1","-1","True","False","static","0.000000","0.000000","0.000000","","/Script/Engine.DataTable'/Game/Game/DataTables/Dialogue/Nanimon/DataTable_Dialogue_Sewer_Nanimon.DataTable_Dialogue_Sewer_Nanimon'"
Sewer_Numemon,"Numemon","MPChip","100","100.000000","500.000000","350.000000","0.000000","200","500","40","50","50","50","100","-1","-1","-1","-1","False","True","follow the player on proximity","0.000000","0.000000","0.000000","","/Script/Engine.DataTable'/Game/Game/DataTables/Dialogue/Sewers/DataTable_Dialogue_Sewers_Numemon.DataTable_Dialogue_Sewers_Numemon'"
ToyMansion_ClearAgumon1,"ClearAgumon","Omnipotent","5","120.000000","0.000000","0.000000","90.000000","3100","3600","590","300","120","100","4500","0","3","4","11","True","True","static","0.000000","0.000000","0.000000","","/Script/Engine.DataTable'/Game/Game/DataTables/Dialogue/Enemy/DataTable_Dialogue_Enemy_ToyMansion_ClearAgumon1.DataTable_Dialogue_Enemy_ToyMansion_ClearAgumon1'"
ToyMansion_ClearAgumon2,"ClearAgumon","Omnipotent","5","120.000000","0.000000","0.000000","90.000000","3100","3600","590","300","120","100","4500","0","3","4","11","True","True","static","0.000000","0.000000","0.000000","","/Script/Engine.DataTable'/Game/Game/DataTables/Dialogue/Enemy/DataTable_Dialogue_Enemy_ToyMansion_ClearAgumon2.DataTable_Dialogue_Enemy_ToyMansion_ClearAgumon2'"
ToyMansion_ClearAgumon3,"ClearAgumon","Omnipotent","5","120.000000","0.000000","0.000000","90.000000","3100","3600","590","300","120","100","4500","0","3","4","11","True","True","static","0.000000","0.000000","0.000000","","/Script/Engine.DataTable'/Game/Game/DataTables/Dialogue/Enemy/DataTable_Dialogue_Enemy_ToyMansion_ClearAgumon3.DataTable_Dialogue_Enemy_ToyMansion_ClearAgumon3'"
ToyMansion_Nanimon,"Nanimon","None","0","100.000000","0.000000","0.000000","0.000000","0","0","0","0","0","0","0","-1","-1","-1","-1","True","True","static","0.000000","0.000000","0.000000","","/Script/Engine.DataTable'/Game/Game/DataTables/Dialogue/Nanimon/DataTable_Dialogue_ToyMansion_Nanimon.DataTable_Dialogue_ToyMansion_Nanimon'"
ToyMansion_Tankmon1,"Tankmon","LargeRecovery","20","120.000000","0.000000","0.000000","90.000000","4000","2300","530","240","100","50","1400","2","3","14","15","True","True","static","0.000000","0.000000","0.000000","","/Script/Engine.DataTable'/Game/Game/DataTables/Dialogue/Enemy/DataTable_Dialogue_Enemy_ToyMansion_Tankmon1.DataTable_Dialogue_Enemy_ToyMansion_Tankmon1'"
ToyMansion_Tankmon2,"Tankmon","LargeRecovery","20","120.000000","0.000000","0.000000","90.000000","4000","2300","530","240","100","50","1400","2","3","14","15","True","True","static","0.000000","0.000000","0.000000","","/Script/Engine.DataTable'/Game/Game/DataTables/Dialogue/Enemy/DataTable_Dialogue_Enemy_ToyMansion_Tankmon2.DataTable_Dialogue_Enemy_ToyMansion_Tankmon2'"
ToyMansion_ToyAgumon1,"ToyAgumon","PortablePotty","10","120.000000","0.000000","0.000000","90.000000","2600","3000","530","280","110","150","1200","0","3","4","9","True","True","static","0.000000","0.000000","0.000000","","/Script/Engine.DataTable'/Game/Game/DataTables/Dialogue/Enemy/DataTable_Dialogue_Enemy_ToyMansion_ToyAgumon1.DataTable_Dialogue_Enemy_ToyMansion_ToyAgumon1'"
ToyMansion_ToyAgumon2,"ToyAgumon","PortablePotty","10","120.000000","0.000000","0.000000","90.000000","2600","3000","530","280","110","150","1200","0","3","4","9","True","True","static","0.000000","0.000000","0.000000","","/Script/Engine.DataTable'/Game/Game/DataTables/Dialogue/Enemy/DataTable_Dialogue_Enemy_ToyMansion_ToyAgumon2.DataTable_Dialogue_Enemy_ToyMansion_ToyAgumon2'"
ToyMansion_ToyAgumon3,"ToyAgumon","PortablePotty","10","120.000000","0.000000","0.000000","90.000000","2600","3000","530","280","110","150","1200","0","3","4","9","True","True","static","0.000000","0.000000","0.000000","","/Script/Engine.DataTable'/Game/Game/DataTables/Dialogue/Enemy/DataTable_Dialogue_Enemy_ToyMansion_ToyAgumon3.DataTable_Dialogue_Enemy_ToyMansion_ToyAgumon3'"
ToyMansion_WaruMonzaemon,"WaruMonzaemon","HPChip","50","100.000000","0.000000","0.000000","90.000000","5200","2600","680","340","380","100","3500","9","14","15","16","False","True","static","0.000000","0.000000","0.000000","","/Script/Engine.DataTable'/Game/Game/DataTables/Dialogue/ToyTown/DataTable_Dialogue_ToyMansion_WaruMonzaemon.DataTable_Dialogue_ToyMansion_WaruMonzaemon'"
ToyTown_ClearAgumon,"ClearAgumon","None","0","120.000000","800.000000","300.000000","0.000000","0","0","0","0","0","0","0","-1","-1","-1","-1","False","True","follow the player on proximity","0.000000","0.000000","0.000000","","/Script/Engine.DataTable'/Game/Game/DataTables/Dialogue/ToyTown/DataTable_Dialogue_ToyTown_ClearAgumon.DataTable_Dialogue_ToyTown_ClearAgumon'"
ToyTown_Hagurumon,"Hagurumon","None","0","0.000000","0.000000","0.000000","0.000000","0","0","0","0","0","0","0","-1","-1","-1","-1","False","False","static","0.000000","0.000000","0.000000","","None"
ToyTown_Nanimon,"Nanimon","None","0","100.000000","0.000000","0.000000","270.000000","0","0","0","0","0","0","0","-1","-1","-1","-1","True","False","static","0.000000","0.000000","0.000000","","None"
ToyTown_Tankmon,"Tankmon","None","0","120.000000","800.000000","300.000000","0.000000","0","0","0","0","0","0","0","-1","-1","-1","-1","False","True","follow the player on proximity","0.000000","0.000000","0.000000","","/Script/Engine.DataTable'/Game/Game/DataTables/Dialogue/ToyTown/DataTable_Dialogue_ToyTown_Tankmon.DataTable_Dialogue_ToyTown_Tankmon'"
ToyTown_ToyAgumon,"ToyAgumon","None","0","120.000000","0.000000","0.000000","90.000000","0","0","0","0","0","0","0","-1","-1","-1","-1","False","True","static","0.000000","0.000000","0.000000","","/Script/Engine.DataTable'/Game/Game/DataTables/Dialogue/ToyTown/DataTable_Dialogue_ToyTown_ToyAgumon.DataTable_Dialogue_ToyTown_ToyAgumon'"
TrashMountain_Event_Sukamon,"Sukamon","None","0","0.000000","0.000000","600.000000","0.000000","0","0","0","0","0","0","0","-1","-1","-1","-1","False","True","static","0.000000","0.000000","0.000000","","None"
TrashMountain_Geremon,"Geremon","PortablePotty","10","100.000000","800.000000","350.000000","0.000000","2100","3200","460","240","340","50","900","54","48","53","-1","True","True","follow the player on proximity","0.000000","0.000000","0.000000","","/Script/Engine.DataTable'/Game/Game/DataTables/Dialogue/Enemy/DataTable_Dialogue_Enemy_TrashMountain_Geremon.DataTable_Dialogue_Enemy_TrashMountain_Geremon'"
TrashMountain_KingSukamon,"KingSukamon","None","0","400.000000","0.000000","0.000000","60.000000","0","0","0","0","0","0","0","-1","-1","-1","-1","False","True","static","0.000000","0.000000","0.000000","","/Script/Engine.DataTable'/Game/Game/DataTables/Dialogue/TrashMountain/DataTable_Dialogue_TrashMountain_KingSukamon.DataTable_Dialogue_TrashMountain_KingSukamon'"
TrashMountain_Psychemon,"Psychemon","Bandage","10","0.000000","0.000000","0.000000","0.000000","2300","3000","480","280","340","200","1100","-1","-1","-1","-1","True","True","static","0.000000","0.000000","0.000000","","/Script/Engine.DataTable'/Game/Game/DataTables/Dialogue/Enemy/DataTable_Dialogue_Enemy_TEST.DataTable_Dialogue_Enemy_TEST'"
TrashMountain_Sukamon1,"Sukamon","None","0","100.000000","0.000000","0.000000","90.000000","0","0","0","0","0","0","0","-1","-1","-1","-1","False","True","static","0.000000","0.000000","0.000000","","/Script/Engine.DataTable'/Game/Game/DataTables/Dialogue/TrashMountain/DataTable_Dialogue_TrashMountain_Sukamon1.DataTable_Dialogue_TrashMountain_Sukamon1'"
TrashMountain_Sukamon2,"Sukamon","None","0","100.000000","0.000000","0.000000","180.000000","0","0","0","0","0","0","0","-1","-1","-1","-1","False","True","static","0.000000","0.000000","0.000000","","/Script/Engine.DataTable'/Game/Game/DataTables/Dialogue/TrashMountain/DataTable_Dialogue_TrashMountain_Sukamon2.DataTable_Dialogue_TrashMountain_Sukamon2'"
TrashMountain_Sukamon3,"Sukamon","None","0","100.000000","0.000000","0.000000","270.000000","0","0","0","0","0","0","0","-1","-1","-1","-1","False","True","static","0.000000","0.000000","0.000000","","/Script/Engine.DataTable'/Game/Game/DataTables/Dialogue/TrashMountain/DataTable_Dialogue_TrashMountain_Sukamon3.DataTable_Dialogue_TrashMountain_Sukamon3'"
TropicalJungle_Aruraumon2,"Aruraumon","DoubleFloppy","0","150.000000","800.000000","350.000000","0.000000","500","800","160","40","30","200","200","-1","-1","-1","-1","True","True","static","0.000000","0.000000","0.000000","","/Script/Engine.DataTable'/Game/Game/DataTables/Dialogue/Enemy/DataTable_Dialogue_Enemy_TEST.DataTable_Dialogue_Enemy_TEST'"
TropicalJungle_Piximon,"Piximon","MPChip","100","100.000000","800.000000","600.000000","0.000000","5200","4600","680","460","660","600","3600","22","25","30","-1","True","True","follow the player on proximity","0.000000","0.000000","0.000000","","/Script/Engine.DataTable'/Game/Game/DataTables/Dialogue/TropicalJungle/DataTable_Dialogue_TropicalJungle_Piximon.DataTable_Dialogue_TropicalJungle_Piximon'"
TropicalJungle_Vegiemon,"Vegiemon","None","0","0.000000","0.000000","0.000000","0.000000","0","0","0","0","0","0","0","-1","-1","-1","-1","False","True","static","0.000000","0.000000","0.000000","","None"
UndergroundLab_SkullGreymon,"SkullGreymon","OffenseChip","100","0.000000","0.000000","0.000000","0.000000","5800","4800","650","340","380","150","3500","-1","-1","-1","-1","True","True","static","0.000000","0.000000","0.000000","","None"
VolumeVilla_Gekomon1,"Gekomon","None","0","100.000000","0.000000","0.000000","90.000000","0","0","0","0","0","0","0","-1","-1","-1","-1","False","True","static","0.000000","0.000000","0.000000","","/Script/Engine.DataTable'/Game/Game/DataTables/Dialogue/GekoSwamp/DataTable_Dialogue_VolumeVilla_Gekomon1.DataTable_Dialogue_VolumeVilla_Gekomon1'"
VolumeVilla_Gekomon2,"Gekomon","None","0","100.000000","0.000000","0.000000","220.000000","0","0","0","0","0","0","0","-1","-1","-1","-1","False","True","static","0.000000","0.000000","0.000000","","/Script/Engine.DataTable'/Game/Game/DataTables/Dialogue/GekoSwamp/DataTable_Dialogue_VolumeVilla_Gekomon2.DataTable_Dialogue_VolumeVilla_Gekomon2'"
VolumeVilla_Gekomon3,"Gekomon","None","0","100.000000","0.000000","0.000000","270.000000","0","0","0","0","0","0","0","-1","-1","-1","-1","False","True","static","0.000000","0.000000","0.000000","","/Script/Engine.DataTable'/Game/Game/DataTables/Dialogue/GekoSwamp/DataTable_Dialogue_VolumeVilla_Gekomon3.DataTable_Dialogue_VolumeVilla_Gekomon3'"
VolumeVilla_ShogunGekomon,"ShogunGekomon_VolumeVilla","None","0","180.000000","0.000000","0.000000","180.000000","0","0","0","0","0","0","0","-1","-1","-1","-1","False","False","static","0.000000","0.000000","0.000000","","/Script/Engine.DataTable'/Game/Game/DataTables/Dialogue/GekoSwamp/DataTable_Dialogue_VolumeVilla_ShogunGekomon.DataTable_Dialogue_VolumeVilla_ShogunGekomon'"
GekoSwamp1_Gekomon,"Gekomon","None","0","100.000000","600.000000","500.000000","0.000000","2100","2000","420","250","100","150","500","32","36","39","-1","True","False","follow the player on proximity","600.000000","3.000000","2.000000","","/Script/Engine.DataTable'/Game/Game/DataTables/Dialogue/Enemy/DataTable_Dialogue_Enemy_GekoSwamp1_Gekomon.DataTable_Dialogue_Enemy_GekoSwamp1_Gekomon'"
DrillTunnel3_Drimogemon,"Drimogemon","None","0","80.000000","0.000000","0.000000","120.000000","1200","1000","150","150","150","150","100","11","12","14","-1","True","False","static","0.000000","0.000000","0.000000","","/Script/Engine.DataTable'/Game/Game/DataTables/Dialogue/DrillTunnel/DataTable_Dialogue_DrillTunnel_Drimogemon1.DataTable_Dialogue_DrillTunnel_Drimogemon1'"
FileCity_Shellmon,"Shellmon","None","0","100.000000","0.000000","0.000000","130.000000","0","0","0","0","0","0","0","-1","-1","-1","-1","False","True","static","0.000000","0.000000","0.000000","","/Script/Engine.DataTable'/Game/Game/DataTables/Dialogue/FileCity/DataTable_Dialogue_FileCity_Shellmon.DataTable_Dialogue_FileCity_Shellmon'"
