---,Image 2D,Name Text,Description,Digivolution,Type,Color,Sorting Value,Weight,Energy,Happiness,Discipline,Tiredness,Sickness,Heal HP,Heal MP,Increase HP,Increase MP,Increase Offense,Increase Defense,Increase Speed,Increase Brains,Increase Lifetime,Price Money,Merit Value
SmallRecovery,"/Script/Engine.Texture2D'/Game/UI/Images/Item_SmallRecovery.Item_SmallRecovery'","NSLOCTEXT("""", ""3AF6839D41B507C66CFD54900E56832B"", ""Small Recovery"")","NSLOCTEXT("""", ""F120A4444390BB33C42B018758EB0B42"", ""Recovers 500 HP"")","None","Recovery Items","2","0","0","0","0","0","0","0","500","0","0","0","0","0","0","0","0","100","0"
MediumRecovery,"/Script/Engine.Texture2D'/Game/UI/Images/Item_MediumRecovery.Item_MediumRecovery'","NSLOCTEXT("""", ""DEED6F54409929FEAECEC38927B630DF"", ""Medium Recovery"")","NSLOCTEXT("""", ""A4948C8749BAA7152171D887D21F7330"", ""Recovers 1500 HP"")","None","Recovery Items","2","0","0","0","0","0","0","0","1500","0","0","0","0","0","0","0","0","500","0"
LargeRecovery,"/Script/Engine.Texture2D'/Game/UI/Images/Item_LargeRecovery.Item_LargeRecovery'","NSLOCTEXT("""", ""A3AD55C14A73D98266C025A82BA06FA3"", ""Large Recovery"")","NSLOCTEXT("""", ""ED3045C64E8967ED176836B18CE179C5"", ""Recovers 5000 HP"")","None","Recovery Items","2","0","0","0","0","0","0","0","5000","0","0","0","0","0","0","0","0","1000","0"
SuperRecovery,"/Script/Engine.Texture2D'/Game/UI/Images/Item_SuperRecovery.Item_SuperRecovery'","NSLOCTEXT("""", ""B3F9622A4455D06E3EF23C8DF90DFB8F"", ""Super Recovery"")","NSLOCTEXT("""", ""F90DED8D479C21F823E353A708E14F4B"", ""Recovers Full HP"")","None","Recovery Items","2","0","0","0","0","0","0","0","9999","0","0","0","0","0","0","0","0","2500","20"
MPFloppy,"/Script/Engine.Texture2D'/Game/UI/Images/Item_MPFloppy.Item_MPFloppy'","NSLOCTEXT("""", ""FF879CB4403DF0DF6B05FAAFF52001B4"", ""MP Floppy"")","NSLOCTEXT("""", ""8102ABFC454415EBEEAE9392EE13124F"", ""Recovers 500 MP"")","None","Recovery Items","2","0","0","0","0","0","0","0","0","500","0","0","0","0","0","0","0","300","0"
MediumMP,"/Script/Engine.Texture2D'/Game/UI/Images/Item_MediumMP.Item_MediumMP'","NSLOCTEXT("""", ""E084155A4B4DEDDEBFF9B4B4580FC783"", ""Medium MP"")","NSLOCTEXT("""", ""0F81F9694648E9BFDA429EA015E71842"", ""Recovers 1500 MP"")","None","Recovery Items","2","0","0","0","0","0","0","0","0","1500","0","0","0","0","0","0","0","800","0"
LargeMP,"/Script/Engine.Texture2D'/Game/UI/Images/Item_LargeMP.Item_LargeMP'","NSLOCTEXT(""[DBF7D76440552852317974B2B0185474]"", ""7956DA5B4C8744D4B9B097B4D706CBA4"", ""Large MP"")","NSLOCTEXT("""", ""6DDE42CC4EB6394F80BB5ABF75DA4726"", ""Recovers 5000 MP"")","None","Recovery Items","2","0","0","0","0","0","0","0","0","5000","0","0","0","0","0","0","0","2000","0"
DoubleFloppy,"/Script/Engine.Texture2D'/Game/UI/Images/Item_DoubleFloppy.Item_DoubleFloppy'","NSLOCTEXT("""", ""E1549BA54ABA741FA833D4BCEF0DBD7A"", ""Double Floppy"")","NSLOCTEXT("""", ""251CF78B4172C67B2B5B9D9D52AD361E"", ""Recovers 1500 HP and MP"")","None","Recovery Items","2","0","0","0","0","0","0","0","1500","1500","0","0","0","0","0","0","0","1500","0"
Omnipotent,"/Script/Engine.Texture2D'/Game/UI/Images/Item_Omnipotent.Item_Omnipotent'","NSLOCTEXT("""", ""06122AC145DE271F4D49E4BC14344E37"", ""Omnipotent"")","NSLOCTEXT("""", ""725671594052088284B53DB65C7FD93C"", ""Cures errors + recovers HP and MP"")","None","Omnipotent","1","1","0","0","0","0","0","0","1500","1500","0","0","0","0","0","0","0","2000","0"
Various,"/Script/Engine.Texture2D'/Game/UI/Images/Item_Various.Item_Various'","NSLOCTEXT("""", ""58C717F34B836540DD9EDB99D5C4D5BC"", ""Various"")","NSLOCTEXT(""[DBF7D76440552852317974B2B0185474]"", ""E7411D964793BCA4FC94549246F9EFF1"", ""Cures status errors"")","None","Various","1","1","0","0","0","0","0","0","0","0","0","0","0","0","0","0","0","300","0"
Protection,"/Script/Engine.Texture2D'/Game/UI/Images/Item_Protection.Item_Protection'","NSLOCTEXT(""[DBF7D76440552852317974B2B0185474]"", ""E3C2AC3C4273E2F8477BCE9C4B3B95AC"", ""Protection"")","NSLOCTEXT(""[DBF7D76440552852317974B2B0185474]"", ""B84FC5CD4C4CA9F0B2F2A5BC37F184B6"", ""Protects from Status errors"")","None","Protection","1","1","0","0","0","0","0","0","0","0","0","0","0","0","0","0","0","1200","0"
Restore,"/Script/Engine.Texture2D'/Game/UI/Images/Item_Restore.Item_Restore'","NSLOCTEXT("""", ""0969C5A940E2000DB5F244A4527E3A76"", ""Restore"")","NSLOCTEXT("""", ""779451794C155639C0B4FE84940905FE"", ""Cures Coma + recovers half HP"")","None","Restore","1","1","0","0","0","0","0","0","0","0","0","0","0","0","0","0","0","4000","0"
SuperRestore,"/Script/Engine.Texture2D'/Game/UI/Images/Item_SuperRestore.Item_SuperRestore'","NSLOCTEXT("""", ""127A97CA4EB432B3938979A68F540CEA"", ""Super Restore"")","NSLOCTEXT(""[DBF7D76440552852317974B2B0185474]"", ""20C46E5A4E0BE215EF8F059ED237C301"", ""Cures Coma + recovers full HP"")","None","Super Restore","1","1","0","0","0","0","0","0","0","0","0","0","0","0","0","0","0","9500","100"
OffenseDisk,"/Script/Engine.Texture2D'/Game/UI/Images/Item_OffenseDisk.Item_OffenseDisk'","NSLOCTEXT("""", ""1BC6977C43B1557E76DDD7A65CAA6908"", ""Offense Disk"")","NSLOCTEXT("""", ""88532335439DAEE956E97AAD62C4C208"", ""Boost Offense power in battle"")","None","Battle Disks","1","3","0","0","0","0","0","0","0","0","0","0","20","0","0","0","0","500","0"
DefenseDisk,"/Script/Engine.Texture2D'/Game/UI/Images/Item_DefenseDisk.Item_DefenseDisk'","NSLOCTEXT(""[DBF7D76440552852317974B2B0185474]"", ""945F48E34756EF17A777EF88F12167D6"", ""Defense Disk"")","NSLOCTEXT("""", ""0A24A38F49AC50A2ED7203B6EDD31430"", ""Boost Deffense power in battle"")","None","Battle Disks","1","3","0","0","0","0","0","0","0","0","0","0","0","20","0","0","0","500","0"
HispeedDisk,"/Script/Engine.Texture2D'/Game/UI/Images/Item_HispeedDisk.Item_HispeedDisk'","NSLOCTEXT(""[DBF7D76440552852317974B2B0185474]"", ""475A966C45B3860B40D19B87938C9716"", ""High Speed Disk"")","NSLOCTEXT("""", ""DB1B926C43ED6AA19859A2863D8356C8"", ""Boost Speed power in battle"")","None","Battle Disks","1","3","0","0","0","0","0","0","0","0","0","0","0","0","20","0","0","500","0"
SuperOffenseDisk,"/Script/Engine.Texture2D'/Game/UI/Images/Item_SuperOffenseDisk.Item_SuperOffenseDisk'","NSLOCTEXT("""", ""A91891CF4E7652E9EB78AAB7E50033EA"", ""Super Offense Disk"")","NSLOCTEXT(""[DBF7D76440552852317974B2B0185474]"", ""693CE65F451D132253773EA50D3DB85F"", ""Super boost Offense power in battle"")","None","Battle Disks","1","3","0","0","0","0","0","0","0","0","0","0","50","0","0","0","0","4000","0"
SuperDefenseDisk,"/Script/Engine.Texture2D'/Game/UI/Images/Item_SuperDefenseDisk.Item_SuperDefenseDisk'","NSLOCTEXT(""[DBF7D76440552852317974B2B0185474]"", ""494932C64BA9817D709CB39375A3EA68"", ""Super Defense Disk"")","NSLOCTEXT(""[DBF7D76440552852317974B2B0185474]"", ""DA0549514A8B2B851DFD4783D0528349"", ""Super boost Defense power in battle"")","None","Battle Disks","1","3","0","0","0","0","0","0","0","0","0","0","0","50","0","0","0","4000","0"
SuperSpeedDisk,"/Script/Engine.Texture2D'/Game/UI/Images/Item_SuperSpeedDisk.Item_SuperSpeedDisk'","NSLOCTEXT(""[DBF7D76440552852317974B2B0185474]"", ""1ED38B8F4E534EFE5E00E2B3E775F7EB"", ""Super Speed Disk"")","NSLOCTEXT(""[DBF7D76440552852317974B2B0185474]"", ""9A858E394A74C2F90C0F749D37815920"", ""Super boost Speed in battle"")","None","Battle Disks","1","3","0","0","0","0","0","0","0","0","0","0","0","0","50","0","0","4000","0"
OmniDisk,"/Script/Engine.Texture2D'/Game/UI/Images/Item_OmniDisk.Item_OmniDisk'","NSLOCTEXT(""[DBF7D76440552852317974B2B0185474]"", ""027542954E2C7FD37BF3699D51BCDBE4"", ""Omni Disk"")","NSLOCTEXT("""", ""198ABA5B49AA4F0D69E9E191A20BE6A9"", ""Boost all skills in battle"")","None","Battle Disks","1","3","0","0","0","0","0","0","0","0","0","0","50","50","50","0","0","3000","0"
SuperCarrot,"/Script/Engine.Texture2D'/Game/UI/Images/Item_SuperCarrot.Item_SuperCarrot'","NSLOCTEXT("""", ""635F3DE04EA79578285346852C11CC0B"", ""Super Carrot"")","NSLOCTEXT(""[DBF7D76440552852317974B2B0185474]"", ""234107654F7CDA4A0A5736AEC30A0D68"", ""Boosts training effect"")","None","Food","0","2","-2","10","0","0","0","0","0","0","0","0","0","0","0","0","0","500","0"
HawkRadish,"/Script/Engine.Texture2D'/Game/UI/Images/Item_HawkRadish.Item_HawkRadish'","NSLOCTEXT(""[DBF7D76440552852317974B2B0185474]"", ""69784B6F4FA2EE61BC75DCBC09C0E878"", ""Hawk Radish"")","NSLOCTEXT(""[DBF7D76440552852317974B2B0185474]"", ""3E3EB4FC48B3D683BD05BA8D21C64669"", ""Boosts training effect"")","None","Food","0","2","3","15","0","0","0","0","0","0","0","0","0","0","0","0","0","500","0"
DigiPine,"/Script/Engine.Texture2D'/Game/UI/Images/Item_Digipine.Item_Digipine'","NSLOCTEXT(""[DBF7D76440552852317974B2B0185474]"", ""4B3CD9EF4D987C7AF3F9DB821D61DE55"", ""Digi Pine"")","NSLOCTEXT(""[DBF7D76440552852317974B2B0185474]"", ""1D53DB0749C14D9220DDF0B21463BC0B"", ""Boosts training effect"")","None","Food","0","2","2","22","0","0","0","0","0","0","0","0","0","0","0","0","0","1000","0"
Meat,"/Script/Engine.Texture2D'/Game/UI/Images/Item_Meat.Item_Meat'","NSLOCTEXT("""", ""9FD4499643F6AB0496E3BDB4009F844E"", ""Meat"")","NSLOCTEXT("""", ""23234DB64CA5AB6A20EF3CAC0F2F64E0"", ""Makes Digimon a bit full"")","None","Food","0","2","1","12","0","0","0","0","0","0","0","0","0","0","0","0","0","50","0"
GiantMeat,"/Script/Engine.Texture2D'/Game/UI/Images/Item_GiantMeat.Item_GiantMeat'","NSLOCTEXT("""", ""AE8F35824E3A320D7B3015B1E228F855"", ""Giant Meat"")","NSLOCTEXT(""[DBF7D76440552852317974B2B0185474]"", ""302896044F501E80AC81668C4713CC04"", ""Makes Digimon quite full"")","None","Food","0","2","2","24","0","0","0","0","0","0","0","0","0","0","0","0","0","500","0"
Sirloin,"/Script/Engine.Texture2D'/Game/UI/Images/Item_Sirloin.Item_Sirloin'","NSLOCTEXT("""", ""12E2A13F4DEDE74E8BE1B2B8F5D3FB21"", ""Sirloin"")","NSLOCTEXT("""", ""67F0FF474437F12D1E82A1A3C8EE5D44"", ""Makes Digimon very full"")","None","Food","0","2","3","35","3","0","-5","0","0","0","0","0","0","0","0","0","0","1500","0"
SpinyGreen,"/Script/Engine.Texture2D'/Game/UI/Images/Item_SpinyGreen.Item_SpinyGreen'","NSLOCTEXT(""[DBF7D76440552852317974B2B0185474]"", ""7C4CAE394CDD56CF330BD9B1B227F610"", ""Spiny Green"")","NSLOCTEXT(""[DBF7D76440552852317974B2B0185474]"", ""C56103894085B32B98DC69AF82539132"", ""Greatly reduces tiredness"")","None","Food","0","2","1","9","0","0","-50","0","0","0","0","0","0","0","0","0","0","1000","0"
DigiMushroom,"/Script/Engine.Texture2D'/Game/UI/Images/Item_Digimushroom.Item_Digimushroom'","NSLOCTEXT(""[DBF7D76440552852317974B2B0185474]"", ""A7D614884F997957134DFD854A9CA2C0"", ""Digi Mushroom"")","NSLOCTEXT("""", ""839E254245FB0C544714BD93ECD93269"", ""Makes Digimon a bit full"")","None","Food","0","2","1","12","0","0","0","0","0","0","0","0","0","0","0","0","0","100","0"
IceMushroom,"/Script/Engine.Texture2D'/Game/UI/Images/Item_IceMushroom.Item_IceMushroom'","NSLOCTEXT("""", ""8CB5D23345285BB943B18FA0D7F7F8B0"", ""Ice Mushroom"")","NSLOCTEXT(""[DBF7D76440552852317974B2B0185474]"", ""0C26AA4A4AC50C6A0E4EEFAB23C2A713"", ""Greatly boosts Discipline"")","None","Food","0","2","2","19","0","50","0","0","0","0","0","0","0","0","0","0","0","1000","0"
DeluxeMushroom,"/Script/Engine.Texture2D'/Game/UI/Images/Item_DeluxeMushroom.Item_DeluxeMushroom'","NSLOCTEXT("""", ""6F6A3F7B42B4A2E207FA64A5AEF4C777"", ""Deluxe Mushroom"")","NSLOCTEXT(""[DBF7D76440552852317974B2B0185474]"", ""79AF34A04E98CD73003A358A5033BE6E"", ""Boosts all abilities"")","None","Food","0","2","4","38","0","0","0","0","0","0","100","100","10","10","10","10","0","5000","0"
HappyMushroom,"/Script/Engine.Texture2D'/Game/UI/Images/Item_HappyMushroom.Item_HappyMushroom'","NSLOCTEXT(""[DBF7D76440552852317974B2B0185474]"", ""91E7A2AF4192B68AC0124DAAD86CE32C"", ""Happy Mushroom"")","NSLOCTEXT("""", ""E196A3E943DA20C7FE97B7B3CACBEA71"", ""Increases Happiness"")","None","Food","0","2","1","15","30","0","-30","30","0","0","0","0","0","0","0","0","0","1000","0"
BlueApple,"/Script/Engine.Texture2D'/Game/UI/Images/Item_BlueApple.Item_BlueApple'","NSLOCTEXT("""", ""369918594DA6F72F147CEE96BEC522CD"", ""Blue Apple"")","NSLOCTEXT(""[DBF7D76440552852317974B2B0185474]"", ""9E5995584137AE47B56B32A0914C0162"", ""Makes Digimon happy"")","None","Food","0","2","3","30","50","0","0","0","0","0","0","0","0","0","0","0","0","1000","0"
RedBerry,"/Script/Engine.Texture2D'/Game/UI/Images/Item_RedBerry.Item_RedBerry'","NSLOCTEXT("""", ""729C8DE74B22C5A8ED89E39FCD1CE507"", ""Red Berry"")","NSLOCTEXT(""[DBF7D76440552852317974B2B0185474]"", ""347AA41149F9D6722DA7C6B45D204901"", ""Boost discipline + happiness"")","None","Food","0","2","2","25","20","20","-20","0","0","0","0","0","0","0","0","0","0","1000","0"
GoldAcorn,"/Script/Engine.Texture2D'/Game/UI/Images/Item_GoldAcorn.Item_GoldAcorn'","NSLOCTEXT("""", ""60A952DC4CE6479B018894BBD7B6DB7E"", ""Gold Acorn"")","NSLOCTEXT(""[DBF7D76440552852317974B2B0185474]"", ""516D53A24420B773BAC19F8CC420AFF3"", ""Can be sold for a high price"")","None","Food","0","2","4","40","0","0","0","0","0","0","0","0","0","0","0","0","0","8000","0"
BigBerry,"/Script/Engine.Texture2D'/Game/UI/Images/Item_BigBerry.Item_BigBerry'","NSLOCTEXT("""", ""7944BBC14086BCB9C2C095B00C1DF0DE"", ""Big Berry"")","NSLOCTEXT(""[DBF7D76440552852317974B2B0185474]"", ""6B98C5CC46E3299FDC666FB6D446B140"", ""Makes full + boosts Weight"")","None","Food","0","2","4","100","0","0","0","0","0","0","0","0","0","0","0","0","0","1000","0"
SweetNut,"/Script/Engine.Texture2D'/Game/UI/Images/Item_SweetNut.Item_SweetNut'","NSLOCTEXT("""", ""E9F6FF5A46A2ECAC7277ADBB73D6EC2C"", ""Sweet Nut"")","NSLOCTEXT(""[DBF7D76440552852317974B2B0185474]"", ""95E920EB4F4CE97E2F1493952504ABFC"", ""Recovers HP completely"")","None","Food","0","2","2","20","0","0","0","0","9999","0","0","0","0","0","0","0","0","1000","0"
SuperVeggy,"/Script/Engine.Texture2D'/Game/UI/Images/Item_SuperVeggy.Item_SuperVeggy'","NSLOCTEXT(""[DBF7D76440552852317974B2B0185474]"", ""B0A3AC61412B9114F22A29ACC21AF583"", ""Super Veggy"")","NSLOCTEXT(""[DBF7D76440552852317974B2B0185474]"", ""E2CB39134A4DC807BC15828A5C6BEF2F"", ""Recovers MP completely"")","None","Food","0","2","2","16","0","0","0","0","0","9999","0","0","0","0","0","0","0","1000","0"
Pricklypear,"/Script/Engine.Texture2D'/Game/UI/Images/Item_PrickyPear.Item_PrickyPear'","NSLOCTEXT(""[DBF7D76440552852317974B2B0185474]"", ""CC451DA248B14986E8FE2F878651A3F6"", ""Prickly Pear"")","NSLOCTEXT(""[DBF7D76440552852317974B2B0185474]"", ""FB7F53794F958C4D36943D9CFDAF1072"", ""Lowers Weight"")","None","Food","0","2","-5","33","0","0","0","0","0","0","0","0","0","0","0","0","0","1000","0"
OrangeBanana,"/Script/Engine.Texture2D'/Game/UI/Images/Item_OrangeBanana.Item_OrangeBanana'","NSLOCTEXT("""", ""57CC1AD74F4716D691E3688B6A2F37D8"", ""Orange Banana"")","NSLOCTEXT("""", ""B887A44B46BEA50EA45A51992DFBFC6A"", ""Fully recovers HP and MP"")","None","Food","0","2","2","24","0","0","0","0","1000","1000","0","0","0","0","0","0","0","1000","0"
PowerFruit,"/Script/Engine.Texture2D'/Game/UI/Images/Item_PowerFruit.Item_PowerFruit'","NSLOCTEXT(""[DBF7D76440552852317974B2B0185474]"", ""D2AB8F5D4DE73CD089FF37956782A552"", ""Power Fruit"")","NSLOCTEXT(""[DBF7D76440552852317974B2B0185474]"", ""E769014C4DA198BD44A83FA1C2D1DB39"", ""Boost Offensive Power +20"")","None","Food","0","2","2","20","0","0","0","0","0","0","0","0","20","0","0","0","0","5000","0"
PowerIce,"/Script/Engine.Texture2D'/Game/UI/Images/Item_PowerIce.Item_PowerIce'","NSLOCTEXT(""[DBF7D76440552852317974B2B0185474]"", ""370362794488804D170F2993D0C9D28A"", ""Power Ice"")","NSLOCTEXT(""[DBF7D76440552852317974B2B0185474]"", ""2502BD724D052D023C038CA2CFF3E6D7"", ""Boost Defensive Power +20"")","None","Food","0","2","2","20","0","0","0","0","0","0","0","0","0","20","0","0","0","5000","0"
SpeedLeaf,"/Script/Engine.Texture2D'/Game/UI/Images/Item_SpeedLeaf.Item_SpeedLeaf'","NSLOCTEXT(""[DBF7D76440552852317974B2B0185474]"", ""49F9380541639D6AE0D8AAA6B22BBAD4"", ""Speed Leaf"")","NSLOCTEXT(""[DBF7D76440552852317974B2B0185474]"", ""414EDFA3402E044D6AECE7801B6941C2"", ""Boost Speed +20"")","None","Food","0","2","2","20","0","0","0","0","0","0","0","0","0","0","20","0","0","5000","0"
SageFruit,"/Script/Engine.Texture2D'/Game/UI/Images/Item_SageFruit.Item_SageFruit'","NSLOCTEXT(""[DBF7D76440552852317974B2B0185474]"", ""11538F844704EC322F999286A1AC876D"", ""Sage Fruit"")","NSLOCTEXT(""[DBF7D76440552852317974B2B0185474]"", ""6A3A5FB94172F24E4DFCDCB7BAEE1705"", ""Boost Brains +20"")","None","Food","0","2","2","20","0","0","0","0","0","0","0","0","0","0","0","20","0","5000","0"
MuscleYam,"/Script/Engine.Texture2D'/Game/UI/Images/Item_MuscleYam.Item_MuscleYam'","NSLOCTEXT(""[DBF7D76440552852317974B2B0185474]"", ""7EDFCCC14626A5088B73D58023ABCDE3"", ""Muscle Yam"")","NSLOCTEXT(""[DBF7D76440552852317974B2B0185474]"", ""1670C7B04D003290F786BDB2819C9195"", ""Boost HP by +200"")","None","Food","0","2","2","20","0","0","0","0","0","0","200","0","0","0","0","0","0","5000","0"
CalmBerry,"/Script/Engine.Texture2D'/Game/UI/Images/Item_CalmBerry.Item_CalmBerry'","NSLOCTEXT(""[DBF7D76440552852317974B2B0185474]"", ""2B4592164E3FD25C38D55D9EB4BFE1FB"", ""Calm Berry"")","NSLOCTEXT(""[DBF7D76440552852317974B2B0185474]"", ""9D32329E4489F7767BFCC48672EC28EB"", ""Boost MP by +200"")","None","Food","0","2","2","20","0","0","0","0","0","0","0","200","0","0","0","0","0","5000","0"
Digianchovy,"/Script/Engine.Texture2D'/Game/UI/Images/Item_Digianchovy.Item_Digianchovy'","NSLOCTEXT(""[DBF7D76440552852317974B2B0185474]"", ""8D1A866B4B8E041DA2E55B9A55DF2D06"", ""Digianchovy"")","NSLOCTEXT(""[DBF7D76440552852317974B2B0185474]"", ""FBB986014B0C7963E723B098B0416C95"", ""Makes Digimon a bit full"")","None","Food","0","2","1","8","0","0","0","0","0","0","0","0","0","0","0","0","0","50","0"
Digisnapper,"/Script/Engine.Texture2D'/Game/UI/Images/Item_Digisnapper.Item_Digisnapper'","NSLOCTEXT(""[DBF7D76440552852317974B2B0185474]"", ""B1B8D9A1439BC2DBE61C83994965E835"", ""Digisnapper"")","NSLOCTEXT(""[DBF7D76440552852317974B2B0185474]"", ""F0636CCF469010FABB7F458F8FAC58D1"", ""Makes Digimon quite full"")","None","Food","0","2","1","12","0","0","0","0","0","0","0","0","0","0","0","0","0","100","0"
DigiTrout,"/Script/Engine.Texture2D'/Game/UI/Images/Item_DigiTrout.Item_DigiTrout'","NSLOCTEXT(""[DBF7D76440552852317974B2B0185474]"", ""660FED0B467180D2725AFE80580D61F3"", ""Digi Trout"")","NSLOCTEXT(""[DBF7D76440552852317974B2B0185474]"", ""7E0C649C4FEF6F74556E84B19122063E"", ""Makes Digimon very full"")","None","Food","0","2","2","22","0","0","0","0","0","0","0","0","0","0","0","0","0","300","0"
BlackTrout,"/Script/Engine.Texture2D'/Game/UI/Images/Item_BlackTrout.Item_BlackTrout'","NSLOCTEXT(""[DBF7D76440552852317974B2B0185474]"", ""15571DF4407A59BCD2F8DBA8DC995A5D"", ""Black trout"")","NSLOCTEXT(""[DBF7D76440552852317974B2B0185474]"", ""8A4A824A4D0DF7A533F1AEA0962CE8A0"", ""Boosts all abilities"")","None","Food","0","2","-2","27","0","0","0","0","0","0","10","10","1","1","1","1","0","1000","0"
Digicatfish,"/Script/Engine.Texture2D'/Game/UI/Images/Item_DigiCatFish.Item_DigiCatFish'","NSLOCTEXT(""[DBF7D76440552852317974B2B0185474]"", ""7F548875499DBEDA5FC9E1B9009C13F3"", ""Digicatfish"")","NSLOCTEXT(""[DBF7D76440552852317974B2B0185474]"", ""E96A16534A26E620E5F1C485C7655F5B"", ""Makes Digimon very full"")","None","Food","0","2","5","49","0","0","0","0","0","0","0","0","0","0","0","0","0","2000","0"
Digiseabass,"/Script/Engine.Texture2D'/Game/UI/Images/Item_Digiseabass.Item_Digiseabass'","NSLOCTEXT(""[DBF7D76440552852317974B2B0185474]"", ""F1C8C69B4D127583987798A1AA6DAA7D"", ""Digiseabass"")","NSLOCTEXT(""[DBF7D76440552852317974B2B0185474]"", ""B68053464A8D31AA80359D903C638CF3"", ""Full HP and MP + life span"")","None","Food","0","2","4","35","0","0","0","20","9999","9999","0","0","0","0","0","0","3","8000","0"
MoldyMeat,"/Script/Engine.Texture2D'/Game/UI/Images/Item_MoldyMeat.Item_MoldyMeat'","NSLOCTEXT("""", ""D2449D4D485850E781C629B6152F8C8C"", ""Moldy Meat"")","NSLOCTEXT(""[DBF7D76440552852317974B2B0185474]"", ""929A694345E34E518D6846B83BAF5A7B"", ""Makes Digimon somewhat full"")","None","Food","0","2","2","30","0","0","0","100","0","0","0","0","0","0","0","0","0","50","0"
ChainMelon,"/Script/Engine.Texture2D'/Game/UI/Images/Item_ChainMelon.Item_ChainMelon'","NSLOCTEXT("""", ""C11A44C548F9F440B2865F8C9037CBA1"", ""Chain Melon"")","NSLOCTEXT(""[DBF7D76440552852317974B2B0185474]"", ""04748B9A4B917DDD07D9ED8AEE93C766"", ""Good for many things"")","None","Food","0","2","3","50","50","0","-50","5","0","0","0","0","0","0","0","0","20","5000","0"
Steak,"/Script/Engine.Texture2D'/Game/UI/Images/Item_Steak.Item_Steak'","NSLOCTEXT("""", ""DCC252AF4335109B8CDB60B66C7A4A66"", ""Steak"")","NSLOCTEXT(""[DBF7D76440552852317974B2B0185474]"", ""8ABDC3BA4D3BFED566AF16A2866EDCC8"", ""Makes Digimon very full"")","None","Food","0","2","3","32","0","0","0","20","1000","0","0","0","0","0","0","0","0","1000","0"
RainPlant,"/Script/Engine.Texture2D'/Game/UI/Images/Item_RainPlant.Item_RainPlant'","NSLOCTEXT(""[DBF7D76440552852317974B2B0185474]"", ""D41904164595037E041375B80AC986F6"", ""Rain Plant"")","NSLOCTEXT(""[DBF7D76440552852317974B2B0185474]"", ""E01DDC6A49CE48D7F86AC9A429C5D23A"", ""Recover 1000 MP + other uses"")","None","Food","0","2","1","0","0","0","0","0","0","1000","0","0","0","0","0","0","0","1000","0"
AutoPilot,"/Script/Engine.Texture2D'/Game/UI/Images/Item_AutoPilot.Item_AutoPilot'","NSLOCTEXT(""[DBF7D76440552852317974B2B0185474]"", ""4E16A06B494C14727824638E21C57509"", ""Auto Pilot"")","NSLOCTEXT(""[DBF7D76440552852317974B2B0185474]"", ""EDEE910F49741CAE43FB53AF6A9A4424"", ""Enables to return to city quickly"")","None","AutoPilot","0","5","0","0","0","0","0","0","0","0","0","0","0","0","0","0","0","300","0"
PortablePotty,"/Script/Engine.Texture2D'/Game/UI/Images/Item_PortablePotty.Item_PortablePotty'","NSLOCTEXT("""", ""F40BB15442AEE82562C0DCA27DBA728A"", ""Portable Potty"")","NSLOCTEXT(""[DBF7D76440552852317974B2B0185474]"", ""4BEBCD3C4403C2FC00C6CF851171CDB8"", ""Can do potty anywhere"")","None","Portable Potty","0","5","0","0","0","0","0","0","0","0","0","0","0","0","0","0","0","300","0"
Bandage,"/Script/Engine.Texture2D'/Game/UI/Images/Item_Bandage.Item_Bandage'","NSLOCTEXT("""", ""1864B218462782ECD8EEF2BD3F05D56D"", ""Bandage"")","NSLOCTEXT("""", ""3B3D98E2483138D9050011A60782AE09"", ""Cures wounds and some sickness"")","None","Bandage","0","1","0","0","0","0","0","0","0","0","0","0","0","0","0","0","0","200","0"
Medicine,"/Script/Engine.Texture2D'/Game/UI/Images/Item_Medicine.Item_Medicine'","NSLOCTEXT("""", ""084A5DB14325DBE851E10CBA04C8C721"", ""Medicine"")","NSLOCTEXT("""", ""5DBCC5A9430C863D61E368B9FCC39051"", ""Cures all wounds and sickness"")","None","Medicine","0","1","0","0","0","0","0","0","0","0","0","0","0","0","0","0","0","1000","0"
HPChip,"/Script/Engine.Texture2D'/Game/UI/Images/Item_Chip_HP.Item_Chip_HP'","NSLOCTEXT("""", ""7E22455B4F41604CA765EBB9853B972D"", ""HP Chip"")","NSLOCTEXT(""[DBF7D76440552852317974B2B0185474]"", ""330A43E84FCA2997FD3DFD8408BBC579"", ""Boost max HP +500"")","None","Stat Raising Chips","0","4","0","0","0","0","0","0","0","0","500","0","0","0","0","0","0","9999","800"
MPChip,"/Script/Engine.Texture2D'/Game/UI/Images/Item_Chip_MP.Item_Chip_MP'","NSLOCTEXT("""", ""948EB3454E9BDAE67AB321AC72D0BFBD"", ""MP Chip"")","NSLOCTEXT(""[DBF7D76440552852317974B2B0185474]"", ""45C555914623429007A3A5825E190753"", ""Boost max MP +500"")","None","Stat Raising Chips","0","4","0","0","0","0","0","0","0","0","0","500","0","0","0","0","0","9999","800"
OffenseChip,"/Script/Engine.Texture2D'/Game/UI/Images/Item_Chip_Offense.Item_Chip_Offense'","NSLOCTEXT("""", ""5E4976CB42E902DE684A55898102D47B"", ""Offense Chip"")","NSLOCTEXT(""[DBF7D76440552852317974B2B0185474]"", ""EA1FB9CC4270BD0E05736AB5F5D233A3"", ""Boost max Offense +50"")","None","Stat Raising Chips","0","4","0","0","0","0","0","0","0","0","0","0","50","0","0","0","0","9999","800"
DefenseChip,"/Script/Engine.Texture2D'/Game/UI/Images/Item_Chip_Defense.Item_Chip_Defense'","NSLOCTEXT(""[DBF7D76440552852317974B2B0185474]"", ""F75034364959CBF9F72AD38CA0353273"", ""Defense Chip"")","NSLOCTEXT(""[DBF7D76440552852317974B2B0185474]"", ""07B3B3AF40B43B16309F88B796B893AF"", ""Boost max Defense +50"")","None","Stat Raising Chips","0","4","0","0","0","0","0","0","0","0","0","0","0","50","0","0","0","9999","800"
QuickChip,"/Script/Engine.Texture2D'/Game/UI/Images/Item_Chip_Speed.Item_Chip_Speed'","NSLOCTEXT(""[DBF7D76440552852317974B2B0185474]"", ""CB88933A4627D2E55378C48DD52BC821"", ""Quick Chip"")","NSLOCTEXT("""", ""A43B14814E7524488A4CA5B4445964F6"", ""Boost max Speed +50"")","None","Stat Raising Chips","0","4","0","0","0","0","0","0","0","0","0","0","0","0","50","0","0","9999","800"
BrainChip,"/Script/Engine.Texture2D'/Game/UI/Images/Item_Chip_Brains.Item_Chip_Brains'","NSLOCTEXT(""[DBF7D76440552852317974B2B0185474]"", ""BB62FBB04E7007DA8E3275B3961A10AA"", ""Brain Chip"")","NSLOCTEXT(""[DBF7D76440552852317974B2B0185474]"", ""D7B95B03470AEFA6ABAB8A8F869299FC"", ""Boost max Brains +50"")","None","Stat Raising Chips","0","4","0","0","0","0","0","0","0","0","0","0","0","0","0","50","0","9999","800"
DVChipA,"/Script/Engine.Texture2D'/Game/UI/Images/Item_DVChip_A.Item_DVChip_A'","NSLOCTEXT(""[DBF7D76440552852317974B2B0185474]"", ""70161DC5471AC797B9C87DA86D69D9AA"", ""DV Chip A"")","NSLOCTEXT(""[DBF7D76440552852317974B2B0185474]"", ""A4359EDC43CCE033F6CF46A56BEE892E"", ""Boost Off. Pwr+Brains +100"")","None","Stat Raising Chips","0","4","0","0","0","0","0","0","0","0","0","0","100","0","0","100","-24","5000","0"
DVChipD,"/Script/Engine.Texture2D'/Game/UI/Images/Item_DVChip_D.Item_DVChip_D'","NSLOCTEXT(""[DBF7D76440552852317974B2B0185474]"", ""1901C5C042542B8F8BA7F4ADA1405BFA"", ""DV Chip D"")","NSLOCTEXT(""[DBF7D76440552852317974B2B0185474]"", ""DBC518FE4E0A4978DF6727B1F9B005F9"", ""Boost Def. Pwr+Speed +100"")","None","Stat Raising Chips","0","4","0","0","0","0","0","0","0","0","0","0","0","100","100","0","-24","5000","0"
DVChipE,"/Script/Engine.Texture2D'/Game/UI/Images/Item_DVChip_E.Item_DVChip_E'","NSLOCTEXT(""[DBF7D76440552852317974B2B0185474]"", ""F2237EE8471C528DC80841A23C5D4CAF"", ""DV Chip E"")","NSLOCTEXT(""[DBF7D76440552852317974B2B0185474]"", ""44FA26724A15083827AA599DE89B67BF"", ""Boost Off. Pwr+Speed +100"")","None","Stat Raising Chips","0","4","0","0","0","0","0","0","0","0","0","0","100","0","100","0","-24","5000","0"
EnemyRepel,"/Script/Engine.Texture2D'/Game/UI/Images/Item_EnemyRepel.Item_EnemyRepel'","NSLOCTEXT("""", ""0E76F7CA4AB29A7F24EBBAA16874BF96"", ""Enemy Repel"")","NSLOCTEXT(""[DBF7D76440552852317974B2B0185474]"", ""B4E77FD449B1D8B4C45CD7BAD039A436"", ""Repels enemies to stay away"")","None","Enemy Repel","0","5","0","0","0","0","0","0","0","0","0","0","0","0","0","0","0","5000","0"
EnemyBell,"/Script/Engine.Texture2D'/Game/UI/Images/Item_EnemyBell.Item_EnemyBell'","NSLOCTEXT("""", ""3361F3804B119DAC98F23886F252759E"", ""Enemy Bell"")","NSLOCTEXT(""[DBF7D76440552852317974B2B0185474]"", ""54947BA8418FF3974F8F62A510C1AD9B"", ""Attract enemies to come"")","None","Enemy Bell","0","5","0","0","0","0","0","0","0","0","0","0","0","0","0","0","0","5000","0"
RestPillow,"/Script/Engine.Texture2D'/Game/UI/Images/Item_RestPillow.Item_RestPillow'","NSLOCTEXT(""[DBF7D76440552852317974B2B0185474]"", ""158BB2C54AE1883733D26ABFA43E39F0"", ""Rest Pillow"")","NSLOCTEXT(""[DBF7D76440552852317974B2B0185474]"", ""ED7993374E8A8C9177B2518C8DDC915A"", ""More recovery during sleep"")","None","Rest Pillow","0","5","0","0","0","0","0","0","0","0","0","0","0","0","0","0","0","1000","0"
HealthShoe,"/Script/Engine.Texture2D'/Game/UI/Images/Item_HealthShoes.Item_HealthShoes'","NSLOCTEXT(""[DBF7D76440552852317974B2B0185474]"", ""5A28F0CC42C3BD6CD575FEB402B69816"", ""Health Shoe"")","NSLOCTEXT(""[DBF7D76440552852317974B2B0185474]"", ""85619B3B4398F7BAFAB57BBE70D157C7"", ""Recovers HP + MP while walking"")","None","Health Shoe","0","5","0","0","0","0","0","0","0","0","0","0","0","0","0","0","0","2000","0"
TrainingManual,"/Script/Engine.Texture2D'/Game/UI/Images/Item_TrainingManual.Item_TrainingManual'","NSLOCTEXT("""", ""57C820EA4283D9697BB722B3573D5D18"", ""Training Manual"")","NSLOCTEXT(""[DBF7D76440552852317974B2B0185474]"", ""8CBBB8AC442A834D72EE5682186463CB"", ""Train better with this"")","None","Training Manual","0","5","0","0","0","0","0","0","0","0","0","0","0","0","0","0","0","50000","0"
GreyClaws,"/Script/Engine.Texture2D'/Game/UI/Images/Item_GreyClaws.Item_GreyClaws'","NSLOCTEXT(""[DBF7D76440552852317974B2B0185474]"", ""B16F82084C0EBA8265B0A982B39047BE"", ""Grey Claws"")","NSLOCTEXT(""[DBF7D76440552852317974B2B0185474]"", ""7CC456564E551618487E31AA2CBF67A9"", ""Digivolve to Greymon"")","Greymon","Digievolution Item","0","4","0","0","0","0","0","0","0","0","0","0","0","0","0","0","0","5000","0"
Fireball,"/Script/Engine.Texture2D'/Game/UI/Images/Item_Fireball.Item_Fireball'","NSLOCTEXT(""[DBF7D76440552852317974B2B0185474]"", ""101248A1431197BCC18BD98DA40CFFCF"", ""Fireball"")","NSLOCTEXT(""[DBF7D76440552852317974B2B0185474]"", ""8CB9054C4288CE196482D091C4513A00"", ""Digivolve to Meramon"")","Meramon","Digievolution Item","0","4","0","0","0","0","0","0","0","0","0","0","0","0","0","0","0","5000","0"
FlamingWings,"/Script/Engine.Texture2D'/Game/UI/Images/Item_FlamingWings.Item_FlamingWings'","NSLOCTEXT(""[DBF7D76440552852317974B2B0185474]"", ""169B199E4E4D193ABAC8E08E41BCCBC6"", ""Flaming Wings"")","NSLOCTEXT(""[DBF7D76440552852317974B2B0185474]"", ""D108BE98457F0D770A67DE9498C042FC"", ""Digivolve to Birdramon"")","Birdramon","Digievolution Item","0","4","0","0","0","0","0","0","0","0","0","0","0","0","0","0","0","5000","0"
IronHoof,"/Script/Engine.Texture2D'/Game/UI/Images/Item_IronHoff.Item_IronHoff'","NSLOCTEXT(""[DBF7D76440552852317974B2B0185474]"", ""852DC3EE43BA073422029E999718D80A"", ""Iron Hoof"")","NSLOCTEXT(""[DBF7D76440552852317974B2B0185474]"", ""49EC5197481ACF51FAE5558A6A25A9C1"", ""Digivolve to Centarumon"")","Centarumon","Digievolution Item","0","4","0","0","0","0","0","0","0","0","0","0","0","0","0","0","0","5000","0"
MonoStone,"/Script/Engine.Texture2D'/Game/UI/Images/Item_MonoStone.Item_MonoStone'","NSLOCTEXT(""[DBF7D76440552852317974B2B0185474]"", ""9186EAA842A6938D3E48F395CC9BEB8A"", ""Mono Stone"")","NSLOCTEXT(""[DBF7D76440552852317974B2B0185474]"", ""9E32C8CA40B2B153600F77B9C1DFF649"", ""Digivolve to Monochromon"")","Monochromon","Digievolution Item","0","4","0","0","0","0","0","0","0","0","0","0","0","0","0","0","0","5000","0"
SteelDrill,"/Script/Engine.Texture2D'/Game/UI/Images/Item_SteelDrill.Item_SteelDrill'","NSLOCTEXT(""[DBF7D76440552852317974B2B0185474]"", ""F383A97043298FB51E7A808C31BD84F6"", ""Steel Drill"")","NSLOCTEXT(""[DBF7D76440552852317974B2B0185474]"", ""860787364951950850E5D2A9695BDCB5"", ""Digivolve to Drimogemon"")","Drimogemon","Digievolution Item","0","4","0","0","0","0","0","0","0","0","0","0","0","0","0","0","0","5000","0"
WhiteFang,"/Script/Engine.Texture2D'/Game/UI/Images/Item_WhiteFang.Item_WhiteFang'","NSLOCTEXT(""[DBF7D76440552852317974B2B0185474]"", ""612AA5FC4506C5821C57F7A740CADECB"", ""White Fang"")","NSLOCTEXT(""[DBF7D76440552852317974B2B0185474]"", ""A04461C243D102BDCEE864BFC6755035"", ""Digivolve to Tyrannomon"")","Tyrannomon","Digievolution Item","0","4","0","0","0","0","0","0","0","0","0","0","0","0","0","0","0","5000","0"
BlackWing,"/Script/Engine.Texture2D'/Game/UI/Images/Item_BlackWing.Item_BlackWing'","NSLOCTEXT(""[DBF7D76440552852317974B2B0185474]"", ""B33B70D64FF189FB2410E3B5301863DA"", ""Black Wing"")","NSLOCTEXT(""[DBF7D76440552852317974B2B0185474]"", ""1F4489334650A189BD3F34B6E4C26929"", ""Digivolve to Devimon"")","Devimon","Digievolution Item","0","4","0","0","0","0","0","0","0","0","0","0","0","0","0","0","0","5000","0"
SpikeClub,"/Script/Engine.Texture2D'/Game/UI/Images/Item_SpikeClub.Item_SpikeClub'","NSLOCTEXT(""[DBF7D76440552852317974B2B0185474]"", ""2F44F63844F83CBCCA864E878CC0F87E"", ""Spike Club"")","NSLOCTEXT(""[DBF7D76440552852317974B2B0185474]"", ""2A4AF439433B9DF8262A1A92F1D0C708"", ""Digivolve to Ogremon"")","Ogremon","Digievolution Item","0","4","0","0","0","0","0","0","0","0","0","0","0","0","0","0","0","5000","0"
FlamingMane,"/Script/Engine.Texture2D'/Game/UI/Images/Item_Flamingmane.Item_Flamingmane'","NSLOCTEXT(""[DBF7D76440552852317974B2B0185474]"", ""65026415405EA4F4CCA7E8B6FEA7086B"", ""Flaming Mane"")","NSLOCTEXT(""[DBF7D76440552852317974B2B0185474]"", ""095D3624437EB689D1CB06B83C51CD90"", ""Digivolve to Leomon"")","Leomon","Digievolution Item","0","4","0","0","0","0","0","0","0","0","0","0","0","0","0","0","0","5000","0"
WhiteWing,"/Script/Engine.Texture2D'/Game/UI/Images/Item_WhiteWing.Item_WhiteWing'","NSLOCTEXT(""[DBF7D76440552852317974B2B0185474]"", ""BD8E7EB542038ACBA48675B9B7D097CC"", ""White Wing"")","NSLOCTEXT(""[DBF7D76440552852317974B2B0185474]"", ""71995C8F46BE6FC18FCE98BABE328D71"", ""Digivolve to Angemon"")","Angemon","Digievolution Item","0","4","0","0","0","0","0","0","0","0","0","0","0","0","0","0","0","5000","0"
TornTatter,"/Script/Engine.Texture2D'/Game/UI/Images/Item_TornTatter.Item_TornTatter'","NSLOCTEXT(""[DBF7D76440552852317974B2B0185474]"", ""3EB84F9B49C3AA66C06E9E838EC6BFC8"", ""Torn Tatter"")","NSLOCTEXT(""[DBF7D76440552852317974B2B0185474]"", ""3995B6C0431BB91A892099807FBA872D"", ""Digivolve to Bakemon"")","Bakemon","Digievolution Item","0","4","0","0","0","0","0","0","0","0","0","0","0","0","0","0","0","5000","0"
Rainbowhorn,"/Script/Engine.Texture2D'/Game/UI/Images/Item_RainbowHorn.Item_RainbowHorn'","NSLOCTEXT(""[DBF7D76440552852317974B2B0185474]"", ""7038C2794C4870C28094A9A828902AE6"", ""Rainbowhorn"")","NSLOCTEXT(""[DBF7D76440552852317974B2B0185474]"", ""7F1430B04C9823220249C79D87897D31"", ""Digivolve to Airdramon"")","Airdramon","Digievolution Item","0","4","0","0","0","0","0","0","0","0","0","0","0","0","0","0","0","5000","500"
Rooster,"/Script/Engine.Texture2D'/Game/UI/Images/Item_Rooster.Item_Rooster'","NSLOCTEXT(""[DBF7D76440552852317974B2B0185474]"", ""22CD729D44AF8BEB3BA585A3DAF13FFA"", ""Rooster"")","NSLOCTEXT(""[DBF7D76440552852317974B2B0185474]"", ""7BBB911D466C4D1B228B409CFAC30413"", ""Digivolve to Kokatorimon"")","Kokatorimon","Digievolution Item","0","4","0","0","0","0","0","0","0","0","0","0","0","0","0","0","0","5000","0"
Unihorn,"/Script/Engine.Texture2D'/Game/UI/Images/Item_Unihorn.Item_Unihorn'","NSLOCTEXT(""[DBF7D76440552852317974B2B0185474]"", ""16C0C5B34111F29075CAAEAE32459E74"", ""Unihorn"")","NSLOCTEXT(""[DBF7D76440552852317974B2B0185474]"", ""6BBBF3E7429C532A9FED2CB32FF0B617"", ""Digivolve to Unimon"")","Unimon","Digievolution Item","0","4","0","0","0","0","0","0","0","0","0","0","0","0","0","0","0","5000","0"
HornHelmet,"/Script/Engine.Texture2D'/Game/UI/Images/Item_HornHelmet.Item_HornHelmet'","NSLOCTEXT(""[DBF7D76440552852317974B2B0185474]"", ""F77810224A3D6C82BA79DD9F420B4128"", ""Horn Helmet"")","NSLOCTEXT(""[DBF7D76440552852317974B2B0185474]"", ""116C53254B845075C0A004B8757D9267"", ""Digivolve to Kabuterimon"")","Kabuterimon","Digievolution Item","0","4","0","0","0","0","0","0","0","0","0","0","0","0","0","0","0","5000","0"
ScissorJaw,"/Script/Engine.Texture2D'/Game/UI/Images/Item_ScissorJaw.Item_ScissorJaw'","NSLOCTEXT(""[DBF7D76440552852317974B2B0185474]"", ""1EDB9A184A7C7558E6AEEAB73D634DD2"", ""Scissor Jaw"")","NSLOCTEXT(""[DBF7D76440552852317974B2B0185474]"", ""D6F806754647373CC8AA6D9B768B1573"", ""Digivolve to Kuwagamon"")","Kuwagamon","Digievolution Item","0","4","0","0","0","0","0","0","0","0","0","0","0","0","0","0","0","5000","0"
Fertilizer,"/Script/Engine.Texture2D'/Game/UI/Images/Item_Fertilizer.Item_Fertilizer'","NSLOCTEXT(""[DBF7D76440552852317974B2B0185474]"", ""6BCECCC945217D9F29AEE4934D19A8F1"", ""Fertilizer"")","NSLOCTEXT(""[DBF7D76440552852317974B2B0185474]"", ""A12296794904C56B9F76EFB079F9236D"", ""Digivolve to Vegiemon"")","Vegiemon","Digievolution Item","0","4","0","0","0","0","0","0","0","0","0","0","0","0","0","0","0","5000","0"
KogaLaws,"/Script/Engine.Texture2D'/Game/UI/Images/Item_KogaLaws.Item_KogaLaws'","NSLOCTEXT(""[DBF7D76440552852317974B2B0185474]"", ""038E2B1745FFF2BD99188CB2B3088B88"", ""Koga Laws"")","NSLOCTEXT(""[DBF7D76440552852317974B2B0185474]"", ""3AECD5164ED99391D5FA0FB2B22FA4D3"", ""Digivolve to Ninjamon"")","Ninjamon","Digievolution Item","0","4","0","0","0","0","0","0","0","0","0","0","0","0","0","0","0","5000","0"
WaterBottle,"/Script/Engine.Texture2D'/Game/UI/Images/Item_WaterBottle.Item_WaterBottle'","NSLOCTEXT(""[DBF7D76440552852317974B2B0185474]"", ""06A7B203434A5ECFEDAB5F8C56E2B5F1"", ""Water Bottle"")","NSLOCTEXT(""[DBF7D76440552852317974B2B0185474]"", ""412C09134660CFE7719489A0B9FC7C48"", ""Digivolve to Seadramon"")","Seadramon","Digievolution Item","0","4","0","0","0","0","0","0","0","0","0","0","0","0","0","0","0","5000","500"
NorthStar,"/Script/Engine.Texture2D'/Game/UI/Images/Item_NorthStar.Item_NorthStar'","NSLOCTEXT(""[DBF7D76440552852317974B2B0185474]"", ""02AA3606420133CB0BE4DC9BF7FD6F4B"", ""North Star"")","NSLOCTEXT(""[DBF7D76440552852317974B2B0185474]"", ""4F37AD6D4256B8E3AD30A2835D7D1F8D"", ""Digivolve to Whamon"")","Whamon","Digievolution Item","0","4","0","0","0","0","0","0","0","0","0","0","0","0","0","0","0","5000","0"
RedShell,"/Script/Engine.Texture2D'/Game/UI/Images/Item_RedShell.Item_RedShell'","NSLOCTEXT(""[DBF7D76440552852317974B2B0185474]"", ""6BA47E34473C0EA47F57058126D7BC00"", ""Red Shell"")","NSLOCTEXT(""[DBF7D76440552852317974B2B0185474]"", ""ED4F0D374C62A2A0B09BB2924779FBD0"", ""Digivolve to Shellmon"")","Shellmon","Digievolution Item","0","4","0","0","0","0","0","0","0","0","0","0","0","0","0","0","0","5000","500"
HardScale,"/Script/Engine.Texture2D'/Game/UI/Images/Item_HardScale.Item_HardScale'","NSLOCTEXT(""[DBF7D76440552852317974B2B0185474]"", ""569B77954DDBC61D98F9FDA0A56383C3"", ""Hard Scale"")","NSLOCTEXT(""[DBF7D76440552852317974B2B0185474]"", ""49B295F14A106864BA2352BA2A2C3E5D"", ""Digivolve to Coelamon"")","Coelamon","Digievolution Item","0","4","0","0","0","0","0","0","0","0","0","0","0","0","0","0","0","5000","500"
BlueCrystal,"/Script/Engine.Texture2D'/Game/UI/Images/Item_BlueCrystal.Item_BlueCrystal'","NSLOCTEXT(""[DBF7D76440552852317974B2B0185474]"", ""AB04B4944C6AFF7013DF92BD5D5501E7"", ""Blue Crystal"")","NSLOCTEXT(""[DBF7D76440552852317974B2B0185474]"", ""C67E45B6496DE5CA20A8D3BB0F6ECCFA"", ""Digivolve to Garurumon"")","Garurumon","Digievolution Item","0","4","0","0","0","0","0","0","0","0","0","0","0","0","0","0","0","5000","0"
IceCrystal,"/Script/Engine.Texture2D'/Game/UI/Images/Item_IceCrystal.Item_IceCrystal'","NSLOCTEXT(""[DBF7D76440552852317974B2B0185474]"", ""AF2A117E416885932423D0B6697EED6E"", ""Ice Crystal"")","NSLOCTEXT(""[DBF7D76440552852317974B2B0185474]"", ""ED6D2C6E4FE22BC057E92BAE2B840905"", ""Digivolve to Frigimon"")","Frigimon","Digievolution Item","0","4","0","0","0","0","0","0","0","0","0","0","0","0","0","0","0","5000","500"
HairGrower,"/Script/Engine.Texture2D'/Game/UI/Images/Item_HairGrower.Item_HairGrower'","NSLOCTEXT(""[DBF7D76440552852317974B2B0185474]"", ""C5A678E741B1DE326848C991042B245F"", ""Hair Grower"")","NSLOCTEXT(""[DBF7D76440552852317974B2B0185474]"", ""7169522944B4D5F2CF259EA165B5B1DD"", ""Digivolve to Mojyamon"")","Mojyamon","Digievolution Item","0","4","0","0","0","0","0","0","0","0","0","0","0","0","0","0","0","5000","0"
Sunglasses,"/Script/Engine.Texture2D'/Game/UI/Images/Item_Sunglasses.Item_Sunglasses'","NSLOCTEXT(""[DBF7D76440552852317974B2B0185474]"", ""6C8A6D8843CF1AFCAE21799C7F3FB3E2"", ""Sunglasses"")","NSLOCTEXT(""[DBF7D76440552852317974B2B0185474]"", ""2E05195B48C27657CC23F2817242F460"", ""Digivolve to Nanimon"")","Nanimon","Digievolution Item","0","4","0","0","0","0","0","0","0","0","0","0","0","0","0","0","0","5000","0"
MetalPart,"/Script/Engine.Texture2D'/Game/UI/Images/Item_MetalPart.Item_MetalPart'","NSLOCTEXT(""[DBF7D76440552852317974B2B0185474]"", ""783ABDD1420EA0BC59CC2FB43A7CD667"", ""Metal Part"")","NSLOCTEXT(""[DBF7D76440552852317974B2B0185474]"", ""2A8010A14FED5761AC2651BA3189B3CC"", ""Digivolve to MetalGreymon"")","MetalGreymon","Digievolution Item","0","4","0","0","0","0","0","0","0","0","0","0","0","0","0","0","0","9999","0"
FatalBone,"/Script/Engine.Texture2D'/Game/UI/Images/Item_FatalBone.Item_FatalBone'","NSLOCTEXT(""[DBF7D76440552852317974B2B0185474]"", ""F869869047B1DE125A96EF9FD4338C21"", ""Fatal Bone"")","NSLOCTEXT(""[DBF7D76440552852317974B2B0185474]"", ""BFB8A13B4DAA3F9E9DA490AF4D4EC5D4"", ""Digivolve to SkullGreymon"")","SkullGreymon","Digievolution Item","0","4","0","0","0","0","0","0","0","0","0","0","0","0","0","0","0","9999","0"
CyberPart,"/Script/Engine.Texture2D'/Game/UI/Images/Item_CyberPart.Item_CyberPart'","NSLOCTEXT(""[DBF7D76440552852317974B2B0185474]"", ""A4674B984014D62622F8E2847372E11A"", ""Cyber Part"")","NSLOCTEXT(""[DBF7D76440552852317974B2B0185474]"", ""2990383246905C9B88DE8ABE23FE9BD6"", ""Digivolve to Andromon"")","Andromon","Digievolution Item","0","4","0","0","0","0","0","0","0","0","0","0","0","0","0","0","0","9999","0"
Megahand,"/Script/Engine.Texture2D'/Game/UI/Images/Item_MegaHand.Item_MegaHand'","NSLOCTEXT(""[DBF7D76440552852317974B2B0185474]"", ""86A7952F497F648B03F408BD50522344"", ""Mega Hand"")","NSLOCTEXT(""[DBF7D76440552852317974B2B0185474]"", ""35588D5E48F2FD8578BBF587400EDCE2"", ""Digivolve to Megadramon"")","Megadramon","Digievolution Item","0","4","0","0","0","0","0","0","0","0","0","0","0","0","0","0","0","9999","0"
SilverBall,"/Script/Engine.Texture2D'/Game/UI/Images/Item_SilverBall.Item_SilverBall'","NSLOCTEXT(""[DBF7D76440552852317974B2B0185474]"", ""7CFC6FCD43A6C24280EA53B7B0D367EA"", ""Silver Ball"")","NSLOCTEXT(""[DBF7D76440552852317974B2B0185474]"", ""E34DC6E24FEDDF5CF2F269B89125A603"", ""Digivolve to Mamemon"")","Mamemon","Digievolution Item","0","4","0","0","0","0","0","0","0","0","0","0","0","0","0","0","0","9999","0"
MetalArmor,"/Script/Engine.Texture2D'/Game/UI/Images/Item_MetalArmor.Item_MetalArmor'","NSLOCTEXT(""[DBF7D76440552852317974B2B0185474]"", ""D2070DBB4796302947EBE4AF2DE48C58"", ""Metal Armor"")","NSLOCTEXT(""[DBF7D76440552852317974B2B0185474]"", ""5A7DCADB4DC6C3FF083311804D2C03CD"", ""Digivolve to MetalMamemon"")","MetalMamemon","Digievolution Item","0","4","0","0","0","0","0","0","0","0","0","0","0","0","0","0","0","9999","0"
Chainsaw,"/Script/Engine.Texture2D'/Game/UI/Images/Item_Chainsaw.Item_Chainsaw'","NSLOCTEXT(""[DBF7D76440552852317974B2B0185474]"", ""B0CCA2CE4A51E21C5BB29FB4E730E7E7"", ""Chainsaw"")","NSLOCTEXT(""[DBF7D76440552852317974B2B0185474]"", ""F6DDCD00478AD9785F05F5AA4FC7CA36"", ""Digivolve to Giromon"")","Giromon","Digievolution Item","0","4","0","0","0","0","0","0","0","0","0","0","0","0","0","0","0","9999","0"
SmallSpear,"/Script/Engine.Texture2D'/Game/UI/Images/Item_SmallSpear.Item_SmallSpear'","NSLOCTEXT(""[DBF7D76440552852317974B2B0185474]"", ""BA22201F4F824E4B3C40AF88D7F41239"", ""Small Spear"")","NSLOCTEXT(""[DBF7D76440552852317974B2B0185474]"", ""215845F64DE34AD258D2888F4CC96E57"", ""Digivolve to Piximon"")","Piximon","Digievolution Item","0","4","0","0","0","0","0","0","0","0","0","0","0","0","0","0","0","9999","0"
XBandage,"/Script/Engine.Texture2D'/Game/UI/Images/Item_XBandage.Item_XBandage'","NSLOCTEXT(""[DBF7D76440552852317974B2B0185474]"", ""7F7B7EBF4F59A73C342967A212E1A0C7"", ""X Bandage"")","NSLOCTEXT(""[DBF7D76440552852317974B2B0185474]"", ""55D757A2473CD0927E94C2940099B6B0"", ""Digivolve to Monzaemon"")","Monzaemon","Digievolution Item","0","4","0","0","0","0","0","0","0","0","0","0","0","0","0","0","0","9999","0"
RayGun,"/Script/Engine.Texture2D'/Game/UI/Images/Item_RayGun.Item_RayGun'","NSLOCTEXT(""[DBF7D76440552852317974B2B0185474]"", ""1068151E45EA43649A0C42A24B1F54EB"", ""Ray Gun"")","NSLOCTEXT(""[DBF7D76440552852317974B2B0185474]"", ""2D6418874BAD1875F22125AAB5D2548E"", ""Digivolve to Vademon"")","Vademon","Digievolution Item","0","4","0","0","0","0","0","0","0","0","0","0","0","0","0","0","0","9999","0"
GoldBanana,"/Script/Engine.Texture2D'/Game/UI/Images/Item_GoldBanana.Item_GoldBanana'","NSLOCTEXT(""[DBF7D76440552852317974B2B0185474]"", ""59AED82C4B8BBDA84BABF19ACF59C329"", ""Gold Banana"")","NSLOCTEXT(""[DBF7D76440552852317974B2B0185474]"", ""658B3BA84A695E4D132E809C106E56AA"", ""Digivolve to Etemon"")","Etemon","Digievolution Item","0","4","0","0","0","0","0","0","0","0","0","0","0","0","0","0","0","9999","0"
MistyEgg,"/Script/Engine.Texture2D'/Game/UI/Images/Item_MistyEgg.Item_MistyEgg'","NSLOCTEXT(""[DBF7D76440552852317974B2B0185474]"", ""D70CBDA149228151A1531B99B264EBCA"", ""Misty Egg"")","NSLOCTEXT("""", ""45AF74A74E9D496DE2A4068A77543DB7"", ""Digivolve to Digitamamon"")","Digitamamon","Digievolution Item","0","4","0","0","0","0","0","0","0","0","0","0","0","0","0","0","0","9999","0"
RedRuby,"/Script/Engine.Texture2D'/Game/UI/Images/Item_RedRuby.Item_RedRuby'","NSLOCTEXT(""[DBF7D76440552852317974B2B0185474]"", ""CD13D0874A1110F56A482A9ACC192F8F"", ""Red Ruby"")","NSLOCTEXT(""[DBF7D76440552852317974B2B0185474]"", ""72719D37461212C05CE9D49B18CF4EB1"", ""Digivolve to Phoenixmon"")","Phoenixmon","Digievolution Item","0","4","0","0","0","0","0","0","0","0","0","0","0","0","0","0","0","9999","0"
BeetlePearl,"/Script/Engine.Texture2D'/Game/UI/Images/Item_BeetlePearl.Item_BeetlePearl'","NSLOCTEXT(""[DBF7D76440552852317974B2B0185474]"", ""B9CB6D58455F23366947CA9B123AED31"", ""Beetle Pearl"")","NSLOCTEXT(""[DBF7D76440552852317974B2B0185474]"", ""710962E54D409A4BE46EA7821422C90D"", ""Digivolve to HerculesKabuterimon"")","HerculesKabuterimon","Digievolution Item","0","4","0","0","0","0","0","0","0","0","0","0","0","0","0","0","0","9999","0"
CoralCharm,"/Script/Engine.Texture2D'/Game/UI/Images/Item_CoralCharm.Item_CoralCharm'","NSLOCTEXT(""[DBF7D76440552852317974B2B0185474]"", ""12FD1579490B0C26410A88954DD14ED5"", ""Coral Charm"")","NSLOCTEXT(""[DBF7D76440552852317974B2B0185474]"", ""58F33A0940E540AE90721C8AFE0BF5C8"", ""Digivolve to MegaSeadramon"")","MegaSeadramon","Digievolution Item","0","4","0","0","0","0","0","0","0","0","0","0","0","0","0","0","0","9999","0"
MoonMirror,"/Script/Engine.Texture2D'/Game/UI/Images/Item_MoonMirror.Item_MoonMirror'","NSLOCTEXT(""[DBF7D76440552852317974B2B0185474]"", ""46FE21E043CF39C652A598B4B71A474D"", ""Moon Mirror"")","NSLOCTEXT(""[DBF7D76440552852317974B2B0185474]"", ""1ED4BB4D4ED48A25EF1C3896DB06BAD3"", ""Digivolve to WereGarurumon"")","WereGarurumon","Digievolution Item","0","4","0","0","0","0","0","0","0","0","0","0","0","0","0","0","0","9999","0"
GigaHand,"/Script/Engine.Texture2D'/Game/UI/Images/Item_GigaHand.Item_GigaHand'","NSLOCTEXT(""[DBF7D76440552852317974B2B0185474]"", ""032D66404030223B1414DDB6537DE6F2"", ""Giga Hand"")","NSLOCTEXT(""[DBF7D76440552852317974B2B0185474]"", ""50CBB464480DD01DC9F856A436D6900D"", ""Digivolve to Gigadramon"")","Gigadramon","Digievolution Item","0","4","0","0","0","0","0","0","0","0","0","0","0","0","0","0","0","9999","0"
NobleMane,"/Script/Engine.Texture2D'/Game/UI/Images/Item_NobleMane.Item_NobleMane'","NSLOCTEXT(""[DBF7D76440552852317974B2B0185474]"", ""EF4B6B68471452719CD0609667908F1E"", ""Noble Mane"")","NSLOCTEXT(""[DBF7D76440552852317974B2B0185474]"", ""093F642546FAC8A7A8693E9FEBCB3CE3"", ""Digivolve to Panjyamon"")","Panjyamon","Digievolution Item","0","4","0","0","0","0","0","0","0","0","0","0","0","0","0","0","0","9999","0"
MetalBanana,"/Script/Engine.Texture2D'/Game/UI/Images/Item_MetalBanana.Item_MetalBanana'","NSLOCTEXT(""[DBF7D76440552852317974B2B0185474]"", ""3EC93D834A50C13988609C988FA2A2B8"", ""Metal Banana"")","NSLOCTEXT(""[DBF7D76440552852317974B2B0185474]"", ""AAF83F8C4D8FAA84664F3CBC568BF857"", ""Digivolve to MetalEtemon"")","MetalEtemon","Digievolution Item","0","4","0","0","0","0","0","0","0","0","0","0","0","0","0","0","0","9999","0"
MansionKey,"/Script/Engine.Texture2D'/Game/UI/Images/Item_MansionKey.Item_MansionKey'","NSLOCTEXT(""[DBF7D76440552852317974B2B0185474]"", ""7819D5B549BBA6FC45660F93C570BD9F"", ""Mansion Key"")","NSLOCTEXT(""[DBF7D76440552852317974B2B0185474]"", ""452978754D7C87024537168A7C876C98"", ""Key to Grey\'s Lord Mansion"")","None","Mansion Key","0","5","0","0","0","0","0","0","0","0","0","0","0","0","0","0","0","0","0"
BlueFlute,"/Script/Engine.Texture2D'/Game/UI/Images/Item_BlueFlute.Item_BlueFlute'","NSLOCTEXT(""[DBF7D76440552852317974B2B0185474]"", ""94D1729C44A360E6F1DF58A7E22D316F"", ""Blue Flute"")","NSLOCTEXT(""[DBF7D76440552852317974B2B0185474]"", ""9391EFB44395CA347377B3A16364F56C"", ""Seadramon friendship proof"")","None","Blue Flute","0","5","0","0","0","0","0","0","0","0","0","0","0","0","0","0","0","0","0"
FridgeKey,"/Script/Engine.Texture2D'/Game/UI/Images/Item_FridgeKey.Item_FridgeKey'","NSLOCTEXT(""[DBF7D76440552852317974B2B0185474]"", ""4B6B82C8431257158CC84F917BC35974"", ""Fridge Key"")","NSLOCTEXT(""[DBF7D76440552852317974B2B0185474]"", ""9914EB53431D3A605785B19C4B105FD5"", ""Key to open Refrigerator"")","None","Fridge Key","0","5","0","0","0","0","0","0","0","0","0","0","0","0","0","0","0","0","0"
Gear,"/Script/Engine.Texture2D'/Game/UI/Images/Item_Gear.Item_Gear'","NSLOCTEXT("""", ""EE98C83A4382826457D4649CA436EB46"", ""Gear"")","NSLOCTEXT(""[DBF7D76440552852317974B2B0185474]"", ""E8708E4B48F521FBB619A4AE15A900EA"", ""Mystery Item"")","None","Gear","0","5","0","0","0","0","0","0","0","0","0","0","0","0","0","0","0","0","0"
LeomonStone,"/Script/Engine.Texture2D'/Game/UI/Images/Item_LeomonStone.Item_LeomonStone'","NSLOCTEXT("""", ""743BAD584740FCD4642DBF803CAC4AF9"", ""Leomon Stone"")","NSLOCTEXT(""[DBF7D76440552852317974B2B0185474]"", ""2A7C004741D7B80B45A3BF8640AE010F"", ""Stone Tablet of Leomon"")","None","Leomon Stone","0","5","0","0","0","0","0","0","0","0","0","0","0","0","0","0","0","0","0"
OldFishrod,"/Script/Engine.Texture2D'/Game/UI/Images/Item_OldRod.Item_OldRod'","NSLOCTEXT(""[DBF7D76440552852317974B2B0185474]"", ""AE8FCA65452351D4C64033BF52B3D361"", ""Old Fishrod"")","NSLOCTEXT(""[DBF7D76440552852317974B2B0185474]"", ""CF2E6C9D4045731DE6D3AF880A470A04"", ""Enables you to fish at lake"")","None","Old Fishrod","0","5","0","0","0","0","0","0","0","0","0","0","0","0","0","0","0","0","0"
AmazingRod,"/Script/Engine.Texture2D'/Game/UI/Images/Item_AmazingRod.Item_AmazingRod'","NSLOCTEXT(""[DBF7D76440552852317974B2B0185474]"", ""F2234CBC45660E7A848EC49026AA5EB4"", ""Amazing Rod"")","NSLOCTEXT(""[DBF7D76440552852317974B2B0185474]"", ""7635B71547C1FC4BBA8A2C800887DF42"", ""Can fish at larger distances"")","None","Amazing Rod","0","5","0","0","0","0","0","0","0","0","0","0","0","0","0","0","0","0","300"
